abz5,1236,223397,100,0.5,300
abz5,1236,223397,100,0.8,300
abz5,1236,223397,100,0.9,300
abz5,1236,223397,200,0.5,300
abz5,1239,454362,100,0.5,300
abz5,1239,454362,100,0.8,300
abz5,1239,454362,100,0.9,300
abz5,1239,454362,200,0.5,300
abz5,1242,279019,100,0.5,300
abz5,1242,279019,100,0.8,300
abz5,1242,279019,100,0.9,300
abz5,1242,279019,200,0.5,300
abz5,1245,470922,100,0.5,300
abz5,1245,470922,100,0.8,300
abz5,1245,470922,100,0.9,300
abz5,1245,470922,200,0.5,300
abz5,1245,470922,200,0.8,300
abz5,1248,729981,100,0.5,300
abz5,1248,729981,100,0.8,300
abz5,1248,729981,100,0.9,300
abz5,1248,729981,200,0.5,300
abz5,1248,729981,200,0.8,300
abz5,1248,729981,200,0.9,300
abz5,1248,873184,100,0.5,300
abz5,1248,873184,100,0.8,300
abz5,1248,944889,200,0.9,300
abz5,1249,505485,100,0.5,300
abz5,1249,505485,100,0.8,300
abz5,1249,505485,100,0.9,300
abz5,1249,505485,200,0.5,300
abz5,1249,505485,200,0.8,300
abz5,1250,422159,100,0.5,300
abz5,1250,422159,100,0.8,300
abz5,1250,422159,100,0.9,300
abz5,1250,422159,200,0.5,300
abz5,1250,422159,200,0.8,300
abz5,1250,505272,200,0.8,300
abz5,1251,10080,100,0.5,300
abz5,1251,10080,200,0.5,300
abz5,1251,10080,200,0.9,300
abz5,1251,598795,100,0.5,300
abz5,1251,598795,100,0.9,300
abz5,1251,61306,100,0.5,300
abz5,1251,61306,100,0.8,300
abz5,1251,61306,100,0.9,300
abz5,1251,61306,200,0.5,300
abz5,1251,61306,200,0.8,300
abz5,1251,61306,200,0.9,300
abz5,1252,10080,100,0.8,300
abz5,1252,10080,100,0.9,300
abz5,1252,10080,200,0.8,300
abz5,1252,17047,100,0.5,300
abz5,1252,17047,100,0.8,300
abz5,1252,17047,100,0.9,300
abz5,1252,17047,200,0.5,300
abz5,1252,17047,200,0.8,300
abz5,1252,17047,200,0.9,300
abz5,1252,411031,100,0.5,300
abz5,1252,411031,100,0.8,300
abz5,1252,411031,100,0.9,300
abz5,1252,411031,200,0.5,300
abz5,1252,411031,200,0.8,300
abz5,1252,422159,200,0.9,300
abz5,1252,483850,100,0.5,300
abz5,1252,483850,100,0.8,300
abz5,1252,483850,100,0.9,300
abz5,1252,483850,200,0.5,300
abz5,1252,483850,200,0.8,300
abz5,1252,483850,200,0.9,300
abz5,1252,77435,100,0.5,300
abz5,1252,77435,100,0.8,300
abz5,1252,77435,100,0.9,300
abz5,1252,77435,200,0.5,300
abz5,1252,77435,200,0.8,300
abz5,1252,85765,100,0.5,300
abz5,1252,85765,100,0.8,300
abz5,1252,85765,100,0.9,300
abz5,1252,85765,200,0.5,300
abz5,1252,85765,200,0.8,300
abz5,1252,85765,200,0.9,300
abz5,1252,948152,200,0.9,300
abz5,1253,20611,100,0.5,300
abz5,1253,20611,100,0.8,300
abz5,1253,20611,100,0.9,300
abz5,1253,20611,200,0.5,300
abz5,1253,367530,100,0.5,300
abz5,1253,367530,100,0.8,300
abz5,1253,367530,100,0.9,300
abz5,1253,367530,200,0.5,300
abz5,1253,367530,200,0.8,300
abz5,1253,367530,200,0.9,300
abz5,1253,505485,200,0.9,300
abz5,1253,757870,100,0.5,300
abz5,1253,757870,100,0.8,300
abz5,1253,757870,100,0.9,300
abz5,1253,757870,200,0.5,300
abz5,1253,757870,200,0.8,300
abz5,1253,948152,100,0.5,300
abz5,1253,948152,100,0.8,300
abz5,1253,948152,100,0.9,300
abz5,1253,948152,200,0.5,300
abz5,1253,948152,200,0.8,300
abz5,1254,454362,200,0.8,300
abz5,1254,458995,100,0.5,300
abz5,1254,458995,100,0.8,300
abz5,1254,458995,100,0.9,300
abz5,1254,458995,200,0.5,300
abz5,1254,458995,200,0.8,300
abz5,1254,458995,200,0.9,300
abz5,1254,944889,100,0.5,300
abz5,1254,944889,100,0.8,300
abz5,1254,944889,100,0.9,300
abz5,1254,944889,200,0.5,300
abz5,1254,944889,200,0.8,300
abz5,1254,946303,100,0.5,300
abz5,1254,946303,100,0.8,300
abz5,1254,946303,100,0.9,300
abz5,1254,946303,200,0.5,300
abz5,1254,946303,200,0.8,300
abz5,1255,273009,100,0.5,300
abz5,1255,273009,100,0.8,300
abz5,1255,273009,100,0.9,300
abz5,1255,273009,200,0.5,300
abz5,1255,273009,200,0.8,300
abz5,1255,273009,200,0.9,300
abz5,1257,958412,100,0.5,300
abz5,1257,958412,100,0.8,300
abz5,1257,958412,100,0.9,300
abz5,1257,958412,200,0.5,300
abz5,1257,958412,200,0.8,300
abz5,1257,958412,200,0.9,300
abz5,1258,598795,100,0.8,300
abz5,1258,598795,200,0.5,300
abz5,1260,279019,200,0.8,300
abz5,1260,411031,200,0.9,300
abz5,1260,470922,200,0.9,300
abz5,1260,505272,100,0.5,300
abz5,1260,505272,100,0.8,300
abz5,1260,505272,100,0.9,300
abz5,1260,505272,200,0.5,300
abz5,1260,505272,200,0.9,300
abz5,1260,634044,100,0.5,300
abz5,1260,634044,100,0.8,300
abz5,1260,634044,100,0.9,300
abz5,1260,634044,200,0.5,300
abz5,1260,634044,200,0.8,300
abz5,1260,634044,200,0.9,300
abz5,1260,715603,100,0.5,300
abz5,1260,715603,100,0.8,300
abz5,1260,715603,200,0.5,300
abz5,1260,715603,200,0.9,300
abz5,1260,946303,200,0.9,300
abz5,1261,279019,200,0.9,300
abz5,1261,464997,100,0.5,300
abz5,1261,464997,100,0.8,300
abz5,1261,464997,100,0.9,300
abz5,1261,464997,200,0.5,300
abz5,1261,464997,200,0.8,300
abz5,1261,464997,200,0.9,300
abz5,1261,873184,200,0.9,300
abz5,1262,20611,200,0.8,300
abz5,1262,20611,200,0.9,300
abz5,1262,223397,200,0.8,300
abz5,1262,223397,200,0.9,300
abz5,1263,873184,100,0.9,300
abz5,1263,873184,200,0.5,300
abz5,1264,741519,200,0.8,300
abz5,1264,741519,200,0.9,300
abz5,1266,454362,200,0.9,300
abz5,1266,598795,200,0.8,300
abz5,1266,598795,200,0.9,300
abz5,1267,715603,100,0.9,300
abz5,1267,715603,200,0.8,300
abz5,1267,741519,100,0.5,300
abz5,1267,741519,100,0.8,300
abz5,1267,741519,100,0.9,300
abz5,1267,741519,200,0.5,300
abz5,1267,77435,200,0.9,300
abz5,1270,757870,200,0.9,300
abz5,1270,873184,200,0.8,300
abz6,945,464997,200,0.9,300
abz6,948,10080,200,0.9,300
abz6,948,223397,100,0.5,300
abz6,948,223397,100,0.8,300
abz6,948,223397,100,0.9,300
abz6,948,223397,200,0.5,300
abz6,948,223397,200,0.8,300
abz6,948,223397,200,0.9,300
abz6,948,273009,200,0.9,300
abz6,948,464997,100,0.5,300
abz6,948,464997,100,0.8,300
abz6,948,464997,100,0.9,300
abz6,948,464997,200,0.5,300
abz6,948,464997,200,0.8,300
abz6,948,483850,100,0.5,300
abz6,948,483850,100,0.8,300
abz6,948,483850,100,0.9,300
abz6,948,483850,200,0.5,300
abz6,948,505272,200,0.9,300
abz6,948,634044,100,0.5,300
abz6,948,634044,100,0.8,300
abz6,948,634044,100,0.9,300
abz6,948,634044,200,0.5,300
abz6,948,715603,200,0.9,300
abz6,948,741519,200,0.9,300
abz6,948,757870,200,0.8,300
abz6,948,77435,100,0.5,300
abz6,948,77435,100,0.8,300
abz6,948,77435,100,0.9,300
abz6,948,77435,200,0.5,300
abz6,949,367530,200,0.9,300
abz6,949,85765,200,0.8,300
abz6,951,279019,100,0.5,300
abz6,951,279019,100,0.8,300
abz6,951,279019,100,0.9,300
abz6,951,279019,200,0.5,300
abz6,951,411031,100,0.9,300
abz6,951,729981,100,0.5,300
abz6,951,729981,100,0.8,300
abz6,951,729981,100,0.9,300
abz6,951,729981,200,0.5,300
abz6,951,729981,200,0.8,300
abz6,951,77435,200,0.8,300
abz6,952,454362,100,0.8,300
abz6,952,454362,200,0.5,300
abz6,952,757870,200,0.9,300
abz6,955,85765,100,0.5,300
abz6,955,85765,100,0.8,300
abz6,955,85765,100,0.9,300
abz6,955,85765,200,0.5,300
abz6,957,273009,200,0.5,300
abz6,958,17047,100,0.5,300
abz6,958,17047,100,0.8,300
abz6,958,17047,100,0.9,300
abz6,958,17047,200,0.5,300
abz6,958,20611,100,0.5,300
abz6,958,20611,100,0.8,300
abz6,958,20611,100,0.9,300
abz6,958,20611,200,0.5,300
abz6,958,20611,200,0.8,300
abz6,958,20611,200,0.9,300
abz6,958,273009,100,0.5,300
abz6,958,273009,100,0.8,300
abz6,958,273009,100,0.9,300
abz6,958,279019,200,0.8,300
abz6,958,367530,100,0.5,300
abz6,958,367530,100,0.8,300
abz6,958,367530,100,0.9,300
abz6,958,367530,200,0.5,300
abz6,958,367530,200,0.8,300
abz6,958,411031,200,0.9,300
abz6,958,422159,100,0.5,300
abz6,958,422159,100,0.8,300
abz6,958,422159,100,0.9,300
abz6,958,422159,200,0.5,300
abz6,958,422159,200,0.9,300
abz6,958,458995,200,0.9,300
abz6,958,470922,200,0.9,300
abz6,958,483850,200,0.8,300
abz6,958,598795,100,0.5,300
abz6,958,598795,100,0.8,300
abz6,958,598795,100,0.9,300
abz6,958,598795,200,0.5,300
abz6,958,598795,200,0.9,300
abz6,958,634044,200,0.9,300
abz6,958,741519,100,0.5,300
abz6,958,741519,100,0.8,300
abz6,958,741519,100,0.9,300
abz6,958,741519,200,0.5,300
abz6,958,757870,100,0.5,300
abz6,958,77435,200,0.9,300
abz6,958,85765,200,0.9,300
abz6,958,873184,200,0.8,300
abz6,958,873184,200,0.9,300
abz6,958,944889,200,0.8,300
abz6,958,944889,200,0.9,300
abz6,958,946303,200,0.8,300
abz6,958,946303,200,0.9,300
abz6,960,411031,200,0.8,300
abz6,960,458995,200,0.8,300
abz6,960,715603,100,0.5,300
abz6,960,715603,100,0.8,300
abz6,960,715603,100,0.9,300
abz6,960,715603,200,0.5,300
abz6,960,715603,200,0.8,300
abz6,960,944889,100,0.5,300
abz6,960,944889,100,0.8,300
abz6,960,944889,100,0.9,300
abz6,960,944889,200,0.5,300
abz6,961,454362,200,0.9,300
abz6,961,61306,200,0.8,300
abz6,962,10080,200,0.8,300
abz6,962,729981,200,0.9,300
abz6,962,757870,200,0.5,300
abz6,963,505485,200,0.9,300
abz6,963,958412,200,0.9,300
abz6,964,17047,200,0.8,300
abz6,964,454362,100,0.5,300
abz6,964,454362,100,0.9,300
abz6,964,454362,200,0.8,300
abz6,964,598795,200,0.8,300
abz6,964,61306,100,0.5,300
abz6,964,61306,100,0.8,300
abz6,964,61306,100,0.9,300
abz6,964,61306,200,0.5,300
abz6,964,741519,200,0.8,300
abz6,964,873184,100,0.5,300
abz6,964,873184,100,0.8,300
abz6,964,873184,100,0.9,300
abz6,964,873184,200,0.5,300
abz6,964,946303,100,0.5,300
abz6,964,946303,100,0.8,300
abz6,964,946303,100,0.9,300
abz6,964,946303,200,0.5,300
abz6,964,958412,100,0.5,300
abz6,964,958412,100,0.8,300
abz6,964,958412,100,0.9,300
abz6,964,958412,200,0.5,300
abz6,966,411031,100,0.5,300
abz6,966,411031,100,0.8,300
abz6,966,411031,200,0.5,300
abz6,966,458995,100,0.5,300
abz6,966,458995,200,0.5,300
abz6,966,470922,200,0.8,300
abz6,966,483850,200,0.9,300
abz6,966,505485,200,0.8,300
abz6,967,10080,100,0.5,300
abz6,967,10080,100,0.9,300
abz6,967,17047,200,0.9,300
abz6,967,273009,200,0.8,300
abz6,967,279019,200,0.9,300
abz6,967,505485,200,0.5,300
abz6,967,61306,200,0.9,300
abz6,967,634044,200,0.8,300
abz6,967,757870,100,0.8,300
abz6,967,757870,100,0.9,300
abz6,967,958412,200,0.8,300
abz6,969,458995,100,0.8,300
abz6,969,458995,100,0.9,300
abz6,969,505272,200,0.5,300
abz6,971,422159,200,0.8,300
abz6,971,505272,200,0.8,300
abz6,971,505485,100,0.5,300
abz6,971,505485,100,0.8,300
abz6,971,505485,100,0.9,300
abz6,971,948152,100,0.9,300
abz6,972,10080,100,0.8,300
abz6,972,10080,200,0.5,300
abz6,976,948152,100,0.5,300
abz6,976,948152,100,0.8,300
abz6,976,948152,200,0.5,300
abz6,976,948152,200,0.8,300
abz6,977,470922,100,0.5,300
abz6,977,470922,100,0.8,300
abz6,977,470922,100,0.9,300
abz6,977,470922,200,0.5,300
abz6,978,505272,100,0.5,300
abz6,978,505272,100,0.8,300
abz6,978,505272,100,0.9,300
abz6,978,948152,200,0.9,300
abz7,735,634044,200,0.9,300
abz7,741,422159,200,0.8,300
abz7,748,483850,100,0.9,300
abz7,748,483850,200,0.5,300
abz7,749,470922,200,0.9,300
abz7,751,279019,100,0.5,300
abz7,751,279019,100,0.8,300
abz7,751,279019,100,0.9,300
abz7,751,279019,200,0.5,300
abz7,753,598795,200,0.8,300
abz7,753,946303,100,0.5,300
abz7,753,946303,100,0.9,300
abz7,754,505272,200,0.8,300
abz7,754,77435,200,0.9,300
abz7,755,598795,200,0.9,300
abz7,755,77435,100,0.5,300
abz7,755,77435,100,0.8,300
abz7,755,77435,100,0.9,300
abz7,755,77435,200,0.5,300
abz7,756,367530,100,0.8,300
abz7,756,958412,200,0.9,300
abz7,757,948152,200,0.8,300
abz7,758,454362,200,0.9,300
abz7,758,505485,100,0.5,300
abz7,758,505485,100,0.8,300
abz7,758,505485,100,0.9,300
abz7,758,85765,200,0.9,300
abz7,759,367530,200,0.5,300
abz7,759,367530,200,0.9,300
abz7,759,454362,100,0.9,300
abz7,759,464997,100,0.8,300
abz7,760,10080,200,0.9,300
abz7,760,17047,200,0.8,300
abz7,760,20611,200,0.8,300
abz7,760,483850,200,0.8,300
abz7,760,505272,100,0.5,300
abz7,760,505272,100,0.8,300
abz7,760,505272,200,0.5,300
abz7,760,505485,200,0.8,300
abz7,760,61306,200,0.9,300
abz7,760,741519,200,0.8,300
abz7,761,367530,100,0.5,300
abz7,761,367530,100,0.9,300
abz7,761,464997,100,0.9,300
abz7,761,464997,200,0.5,300
abz7,761,946303,200,0.9,300
abz7,762,20611,200,0.9,300
abz7,762,422159,200,0.9,300
abz7,762,454362,200,0.8,300
abz7,763,10080,100,0.5,300
abz7,763,10080,100,0.8,300
abz7,763,10080,100,0.9,300
abz7,763,10080,200,0.5,300
abz7,763,454362,200,0.5,300
abz7,763,85765,100,0.5,300
abz7,763,85765,100,0.8,300
abz7,763,85765,100,0.9,300
abz7,763,85765,200,0.5,300
abz7,764,470922,100,0.9,300
abz7,764,470922,200,0.5,300
abz7,764,729981,100,0.5,300
abz7,764,729981,100,0.8,300
abz7,764,729981,100,0.9,300
abz7,764,729981,200,0.5,300
abz7,764,729981,200,0.9,300
abz7,765,411031,200,0.9,300
abz7,765,483850,100,0.5,300
abz7,765,483850,100,0.8,300
abz7,765,505485,200,0.9,300
abz7,765,948152,200,0.9,300
abz7,766,422159,100,0.5,300
abz7,766,422159,100,0.8,300
abz7,766,422159,100,0.9,300
abz7,766,422159,200,0.5,300
abz7,766,464997,200,0.8,300
abz7,766,741519,100,0.5,300
abz7,766,741519,100,0.8,300
abz7,766,741519,100,0.9,300
abz7,766,944889,200,0.9,300
abz7,767,464997,100,0.5,300
abz7,767,464997,200,0.9,300
abz7,767,505485,200,0.5,300
abz7,767,634044,100,0.5,300
abz7,767,634044,100,0.8,300
abz7,767,634044,100,0.9,300
abz7,767,715603,200,0.8,300
abz7,767,757870,200,0.9,300
abz7,767,958412,200,0.8,300
abz7,768,757870,200,0.8,300
abz7,768,873184,100,0.9,300
abz7,769,273009,100,0.5,300
abz7,769,273009,100,0.8,300
abz7,769,273009,100,0.9,300
abz7,769,273009,200,0.5,300
abz7,769,273009,200,0.8,300
abz7,770,10080,200,0.8,300
abz7,770,279019,200,0.8,300
abz7,770,454362,100,0.5,300
abz7,770,454362,100,0.8,300
abz7,770,458995,100,0.8,300
abz7,770,458995,100,0.9,300
abz7,770,458995,200,0.5,300
abz7,770,483850,200,0.9,300
abz7,770,715603,100,0.5,300
abz7,770,715603,100,0.8,300
abz7,770,715603,100,0.9,300
abz7,770,729981,200,0.8,300
abz7,770,944889,200,0.5,300
abz7,770,946303,100,0.8,300
abz7,770,946303,200,0.5,300
abz7,771,715603,200,0.5,300
abz7,771,741519,200,0.9,300
abz7,771,757870,100,0.5,300
abz7,771,757870,100,0.8,300
abz7,771,757870,100,0.9,300
abz7,771,757870,200,0.5,300
abz7,771,873184,200,0.9,300
abz7,771,948152,100,0.5,300
abz7,771,948152,100,0.8,300
abz7,771,948152,100,0.9,300
abz7,771,948152,200,0.5,300
abz7,772,223397,100,0.5,300
abz7,772,223397,200,0.5,300
abz7,772,273009,200,0.9,300
abz7,772,411031,200,0.8,300
abz7,772,598795,100,0.5,300
abz7,773,634044,200,0.8,300
abz7,773,85765,200,0.8,300
abz7,773,944889,200,0.8,300
abz7,774,411031,100,0.5,300
abz7,774,411031,100,0.8,300
abz7,774,411031,100,0.9,300
abz7,774,411031,200,0.5,300
abz7,774,458995,100,0.5,300
abz7,774,505272,100,0.9,300
abz7,774,634044,200,0.5,300
abz7,774,873184,100,0.5,300
abz7,774,873184,100,0.8,300
abz7,774,873184,200,0.8,300
abz7,774,946303,200,0.8,300
abz7,775,20611,100,0.5,300
abz7,775,20611,100,0.8,300
abz7,775,20611,100,0.9,300
abz7,775,20611,200,0.5,300
abz7,775,77435,200,0.8,300
abz7,776,505272,200,0.9,300
abz7,776,61306,200,0.8,300
abz7,776,715603,200,0.9,300
abz7,776,741519,200,0.5,300
abz7,777,17047,200,0.9,300
abz7,777,223397,200,0.8,300
abz7,777,367530,200,0.8,300
abz7,777,470922,200,0.8,300
abz7,777,958412,100,0.5,300
abz7,777,958412,100,0.8,300
abz7,777,958412,100,0.9,300
abz7,777,958412,200,0.5,300
abz7,778,470922,100,0.5,300
abz7,778,470922,100,0.8,300
abz7,778,598795,200,0.5,300
abz7,780,223397,100,0.8,300
abz7,780,223397,100,0.9,300
abz7,780,873184,200,0.5,300
abz7,781,458995,200,0.9,300
abz7,784,17047,100,0.5,300
abz7,784,17047,100,0.8,300
abz7,784,223397,200,0.9,300
abz7,785,598795,100,0.8,300
abz7,786,279019,200,0.9,300
abz7,786,944889,100,0.5,300
abz7,786,944889,100,0.8,300
abz7,786,944889,100,0.9,300
abz7,787,17047,200,0.5,300
abz7,787,598795,100,0.9,300
abz7,788,458995,200,0.8,300
abz7,794,61306,100,0.5,300
abz7,794,61306,100,0.8,300
abz7,794,61306,100,0.9,300
abz7,794,61306,200,0.5,300
abz7,797,17047,100,0.9,300
abz9,785,944889,100,0.5,300
abz9,785,944889,100,0.8,300
abz9,785,944889,100,0.9,300
abz9,785,948152,200,0.8,300
abz9,789,61306,100,0.5,300
abz9,789,61306,100,0.8,300
abz9,789,61306,100,0.9,300
abz9,789,61306,200,0.5,300
abz9,791,757870,200,0.8,300
abz9,792,505272,200,0.8,300
abz9,792,634044,100,0.5,300
abz9,792,634044,100,0.8,300
abz9,792,634044,100,0.9,300
abz9,792,634044,200,0.5,300
abz9,795,454362,100,0.5,300
abz9,795,454362,100,0.8,300
abz9,795,454362,100,0.9,300
abz9,795,454362,200,0.5,300
abz9,795,483850,200,0.8,300
abz9,795,729981,200,0.9,300
abz9,795,958412,200,0.9,300
abz9,796,279019,200,0.9,300
abz9,796,367530,200,0.8,300
abz9,796,422159,200,0.9,300
abz9,796,470922,100,0.5,300
abz9,797,946303,100,0.5,300
abz9,797,946303,100,0.8,300
abz9,797,946303,100,0.9,300
abz9,797,946303,200,0.5,300
abz9,798,483850,100,0.9,300
abz9,799,223397,200,0.5,300
abz9,799,944889,200,0.8,300
abz9,802,422159,200,0.8,300
abz9,802,470922,200,0.9,300
abz9,802,948152,200,0.9,300
abz9,803,458995,100,0.5,300
abz9,803,458995,100,0.8,300
abz9,803,458995,100,0.9,300
abz9,803,458995,200,0.5,300
abz9,803,598795,100,0.9,300
abz9,803,598795,200,0.8,300
abz9,804,598795,200,0.9,300
abz9,804,757870,100,0.5,300
abz9,804,757870,100,0.8,300
abz9,804,757870,100,0.9,300
abz9,805,10080,200,0.8,300
abz9,806,17047,100,0.5,300
abz9,806,17047,100,0.8,300
abz9,806,17047,100,0.9,300
abz9,806,223397,200,0.9,300
abz9,806,944889,200,0.9,300
abz9,807,458995,200,0.8,300
abz9,807,505272,200,0.9,300
abz9,807,85765,100,0.5,300
abz9,807,958412,200,0.8,300
abz9,808,10080,200,0.9,300
abz9,808,483850,100,0.5,300
abz9,808,483850,100,0.8,300
abz9,808,483850,200,0.5,300
abz9,808,729981,100,0.5,300
abz9,808,729981,100,0.8,300
abz9,808,729981,100,0.9,300
abz9,808,946303,200,0.9,300
abz9,809,367530,100,0.5,300
abz9,809,367530,100,0.8,300
abz9,809,367530,100,0.9,300
abz9,809,367530,200,0.5,300
abz9,809,729981,200,0.5,300
abz9,809,85765,200,0.8,300
abz9,809,944889,200,0.5,300
abz9,810,17047,200,0.8,300
abz9,810,873184,200,0.8,300
abz9,811,367530,200,0.9,300
abz9,811,77435,100,0.5,300
abz9,811,77435,100,0.8,300
abz9,811,77435,100,0.9,300
abz9,811,77435,200,0.5,300
abz9,812,279019,200,0.8,300
abz9,812,505485,200,0.9,300
abz9,812,741519,100,0.5,300
abz9,812,741519,100,0.8,300
abz9,812,741519,100,0.9,300
abz9,812,741519,200,0.5,300
abz9,812,77435,200,0.9,300
abz9,813,273009,100,0.5,300
abz9,813,273009,100,0.8,300
abz9,813,273009,100,0.9,300
abz9,813,273009,200,0.5,300
abz9,813,470922,100,0.8,300
abz9,813,470922,100,0.9,300
abz9,813,470922,200,0.5,300
abz9,813,505272,100,0.5,300
abz9,813,505272,100,0.8,300
abz9,813,505272,100,0.9,300
abz9,813,505272,200,0.5,300
abz9,813,634044,200,0.8,300
abz9,814,411031,200,0.9,300
abz9,814,454362,200,0.8,300
abz9,814,464997,200,0.8,300
abz9,814,505485,200,0.8,300
abz9,814,741519,200,0.9,300
abz9,815,411031,200,0.8,300
abz9,815,464997,200,0.9,300
abz9,816,17047,200,0.9,300
abz9,816,20611,200,0.9,300
abz9,816,454362,200,0.9,300
abz9,816,61306,200,0.9,300
abz9,816,77435,200,0.8,300
abz9,816,948152,100,0.5,300
abz9,816,948152,100,0.8,300
abz9,817,20611,200,0.8,300
abz9,817,483850,200,0.9,300
abz9,817,85765,100,0.8,300
abz9,817,85765,100,0.9,300
abz9,817,85765,200,0.5,300
abz9,818,273009,200,0.9,300
abz9,818,505485,100,0.5,300
abz9,819,279019,100,0.5,300
abz9,819,279019,100,0.8,300
abz9,819,279019,100,0.9,300
abz9,819,279019,200,0.5,300
abz9,819,598795,100,0.5,300
abz9,819,598795,100,0.8,300
abz9,819,598795,200,0.5,300
abz9,819,715603,200,0.9,300
abz9,819,85765,200,0.9,300
abz9,819,946303,200,0.8,300
abz9,820,634044,200,0.9,300
abz9,821,17047,200,0.5,300
abz9,821,411031,100,0.8,300
abz9,821,422159,100,0.5,300
abz9,821,422159,100,0.8,300
abz9,821,422159,100,0.9,300
abz9,821,422159,200,0.5,300
abz9,822,470922,200,0.8,300
abz9,822,729981,200,0.8,300
abz9,822,741519,200,0.8,300
abz9,823,61306,200,0.8,300
abz9,823,757870,200,0.9,300
abz9,825,715603,200,0.8,300
abz9,826,411031,100,0.5,300
abz9,826,411031,100,0.9,300
abz9,826,411031,200,0.5,300
abz9,826,464997,100,0.5,300
abz9,826,464997,100,0.8,300
abz9,826,464997,100,0.9,300
abz9,826,464997,200,0.5,300
abz9,827,20611,100,0.5,300
abz9,827,20611,100,0.8,300
abz9,827,20611,100,0.9,300
abz9,827,20611,200,0.5,300
abz9,827,873184,100,0.5,300
abz9,827,873184,100,0.8,300
abz9,827,873184,100,0.9,300
abz9,827,873184,200,0.5,300
abz9,829,10080,100,0.5,300
abz9,829,10080,100,0.8,300
abz9,829,10080,100,0.9,300
abz9,829,10080,200,0.5,300
abz9,829,223397,100,0.5,300
abz9,829,223397,100,0.8,300
abz9,829,223397,100,0.9,300
abz9,829,273009,200,0.8,300
abz9,830,223397,200,0.8,300
abz9,830,505485,100,0.8,300
abz9,830,505485,100,0.9,300
abz9,830,948152,100,0.9,300
abz9,830,948152,200,0.5,300
abz9,831,505485,200,0.5,300
abz9,832,873184,200,0.9,300
abz9,833,958412,100,0.5,300
abz9,833,958412,100,0.8,300
abz9,833,958412,100,0.9,300
abz9,833,958412,200,0.5,300
abz9,834,757870,200,0.5,300
abz9,837,715603,100,0.5,300
abz9,837,715603,100,0.8,300
abz9,837,715603,100,0.9,300
abz9,837,715603,200,0.5,300
abz9,839,458995,200,0.9,300
ft10,1001,367530,200,0.9,300
ft10,1001,85765,200,0.8,300
ft10,1003,505485,200,0.9,300
ft10,1004,458995,100,0.5,300
ft10,1004,464997,100,0.5,300
ft10,1004,464997,100,0.9,300
ft10,1004,464997,200,0.5,300
ft10,1004,85765,100,0.8,300
ft10,1004,85765,100,0.9,300
ft10,1004,85765,200,0.5,300
ft10,1005,483850,100,0.5,300
ft10,1005,483850,100,0.8,300
ft10,1005,483850,100,0.9,300
ft10,1005,634044,200,0.9,300
ft10,1006,279019,100,0.5,300
ft10,1006,279019,100,0.8,300
ft10,1006,279019,100,0.9,300
ft10,1006,279019,200,0.5,300
ft10,1006,483850,200,0.5,300
ft10,1011,10080,200,0.8,300
ft10,962,873184,200,0.8,300
ft10,963,464997,200,0.9,300
ft10,967,411031,100,0.5,300
ft10,967,411031,100,0.8,300
ft10,967,411031,100,0.9,300
ft10,967,411031,200,0.5,300
ft10,971,946303,100,0.5,300
ft10,974,944889,200,0.9,300
ft10,974,948152,100,0.5,300
ft10,974,948152,100,0.8,300
ft10,974,948152,100,0.9,300
ft10,974,948152,200,0.5,300
ft10,975,729981,200,0.9,300
ft10,976,223397,200,0.8,300
ft10,976,454362,100,0.8,300
ft10,976,454362,100,0.9,300
ft10,976,729981,200,0.8,300
ft10,976,757870,100,0.5,300
ft10,976,757870,100,0.8,300
ft10,976,757870,100,0.9,300
ft10,976,757870,200,0.5,300
ft10,976,958412,200,0.9,300
ft10,978,10080,200,0.9,300
ft10,978,61306,100,0.8,300
ft10,978,61306,200,0.9,300
ft10,979,223397,100,0.5,300
ft10,979,223397,100,0.8,300
ft10,979,223397,100,0.9,300
ft10,979,223397,200,0.5,300
ft10,979,273009,100,0.5,300
ft10,979,273009,100,0.8,300
ft10,979,273009,200,0.5,300
ft10,979,505485,100,0.5,300
ft10,979,505485,100,0.8,300
ft10,979,505485,100,0.9,300
ft10,979,505485,200,0.5,300
ft10,979,77435,100,0.5,300
ft10,979,77435,100,0.8,300
ft10,979,77435,100,0.9,300
ft10,979,77435,200,0.5,300
ft10,980,367530,100,0.5,300
ft10,980,367530,100,0.8,300
ft10,980,367530,100,0.9,300
ft10,980,367530,200,0.5,300
ft10,980,411031,200,0.9,300
ft10,980,483850,200,0.9,300
ft10,980,715603,100,0.5,300
ft10,980,715603,100,0.8,300
ft10,980,715603,100,0.9,300
ft10,980,715603,200,0.5,300
ft10,980,715603,200,0.8,300
ft10,981,20611,100,0.5,300
ft10,981,20611,100,0.8,300
ft10,981,20611,100,0.9,300
ft10,981,20611,200,0.5,300
ft10,981,505272,200,0.9,300
ft10,981,873184,100,0.5,300
ft10,981,873184,100,0.8,300
ft10,981,873184,100,0.9,300
ft10,981,873184,200,0.5,300
ft10,981,873184,200,0.9,300
ft10,981,958412,100,0.5,300
ft10,981,958412,100,0.8,300
ft10,981,958412,100,0.9,300
ft10,981,958412,200,0.5,300
ft10,982,273009,200,0.8,300
ft10,982,454362,200,0.9,300
ft10,982,634044,100,0.5,300
ft10,982,634044,100,0.8,300
ft10,982,634044,100,0.9,300
ft10,982,634044,200,0.5,300
ft10,982,729981,100,0.5,300
ft10,982,729981,100,0.8,300
ft10,982,729981,100,0.9,300
ft10,982,729981,200,0.5,300
ft10,982,77435,200,0.9,300
ft10,982,85765,200,0.9,300
ft10,983,367530,200,0.8,300
ft10,983,422159,200,0.8,300
ft10,983,77435,200,0.8,300
ft10,983,946303,200,0.9,300
ft10,984,273009,200,0.9,300
ft10,984,411031,200,0.8,300
ft10,984,598795,100,0.5,300
ft10,984,598795,100,0.8,300
ft10,984,598795,100,0.9,300
ft10,984,598795,200,0.5,300
ft10,984,948152,200,0.9,300
ft10,985,422159,200,0.9,300
ft10,986,454362,100,0.5,300
ft10,987,279019,200,0.9,300
ft10,987,505272,200,0.8,300
ft10,988,454362,200,0.8,300
ft10,988,958412,200,0.8,300
ft10,989,458995,100,0.8,300
ft10,989,458995,200,0.9,300
ft10,989,505485,200,0.8,300
ft10,990,634044,200,0.8,300
ft10,990,946303,100,0.8,300
ft10,990,946303,100,0.9,300
ft10,990,946303,200,0.5,300
ft10,991,17047,200,0.5,300
ft10,991,279019,200,0.8,300
ft10,991,458995,200,0.8,300
ft10,991,483850,200,0.8,300
ft10,991,948152,200,0.8,300
ft10,992,17047,200,0.9,300
ft10,992,422159,100,0.5,300
ft10,992,422159,100,0.8,300
ft10,992,422159,100,0.9,300
ft10,992,422159,200,0.5,300
ft10,992,454362,200,0.5,300
ft10,992,470922,100,0.5,300
ft10,992,470922,100,0.8,300
ft10,992,470922,100,0.9,300
ft10,992,470922,200,0.5,300
ft10,992,505272,100,0.8,300
ft10,992,505272,100,0.9,300
ft10,992,505272,200,0.5,300
ft10,992,741519,200,0.9,300
ft10,993,17047,100,0.9,300
ft10,993,458995,100,0.9,300
ft10,993,458995,200,0.5,300
ft10,993,464997,200,0.8,300
ft10,993,470922,200,0.9,300
ft10,993,598795,200,0.9,300
ft10,993,944889,100,0.5,300
ft10,993,944889,100,0.8,300
ft10,993,944889,100,0.9,300
ft10,993,944889,200,0.5,300
ft10,993,944889,200,0.8,300
ft10,994,17047,200,0.8,300
ft10,994,20611,200,0.8,300
ft10,994,20611,200,0.9,300
ft10,994,505272,100,0.5,300
ft10,995,10080,100,0.5,300
ft10,995,10080,100,0.8,300
ft10,995,10080,100,0.9,300
ft10,995,10080,200,0.5,300
ft10,995,741519,100,0.5,300
ft10,995,741519,100,0.8,300
ft10,995,741519,100,0.9,300
ft10,995,741519,200,0.5,300
ft10,995,741519,200,0.8,300
ft10,995,757870,200,0.8,300
ft10,996,470922,200,0.8,300
ft10,996,715603,200,0.9,300
ft10,997,17047,100,0.5,300
ft10,997,17047,100,0.8,300
ft10,997,223397,200,0.9,300
ft10,997,273009,100,0.9,300
ft10,997,598795,200,0.8,300
ft10,997,61306,100,0.5,300
ft10,997,61306,100,0.9,300
ft10,997,61306,200,0.5,300
ft10,997,61306,200,0.8,300
ft10,998,464997,100,0.8,300
ft10,999,757870,200,0.9,300
ft10,999,85765,100,0.5,300
ft10,999,946303,200,0.8,300
ft20,1199,470922,100,0.5,300
ft20,1199,470922,100,0.8,300
ft20,1199,470922,100,0.9,300
ft20,1199,470922,200,0.5,300
ft20,1199,470922,200,0.8,300
ft20,1211,411031,200,0.8,300
ft20,1211,715603,200,0.9,300
ft20,1215,17047,100,0.5,300
ft20,1215,17047,100,0.8,300
ft20,1215,17047,100,0.9,300
ft20,1215,17047,200,0.5,300
ft20,1220,454362,100,0.5,300
ft20,1220,454362,100,0.8,300
ft20,1220,454362,100,0.9,300
ft20,1220,454362,200,0.5,300
ft20,1220,454362,200,0.8,300
ft20,1220,454362,200,0.9,300
ft20,1220,85765,200,0.9,300
ft20,1221,10080,100,0.5,300
ft20,1221,10080,100,0.8,300
ft20,1221,10080,100,0.9,300
ft20,1221,10080,200,0.5,300
ft20,1221,10080,200,0.8,300
ft20,1221,61306,100,0.5,300
ft20,1221,61306,100,0.8,300
ft20,1221,61306,100,0.9,300
ft20,1221,61306,200,0.5,300
ft20,1221,61306,200,0.8,300
ft20,1221,61306,200,0.9,300
ft20,1222,20611,100,0.5,300
ft20,1222,20611,200,0.8,300
ft20,1222,223397,200,0.9,300
ft20,1224,422159,200,0.8,300
ft20,1224,634044,200,0.8,300
ft20,1225,17047,200,0.8,300
ft20,1226,741519,100,0.5,300
ft20,1226,741519,100,0.8,300
ft20,1226,741519,100,0.9,300
ft20,1226,741519,200,0.5,300
ft20,1226,741519,200,0.8,300
ft20,1226,741519,200,0.9,300
ft20,1227,223397,100,0.5,300
ft20,1227,223397,100,0.9,300
ft20,1228,77435,200,0.9,300
ft20,1230,411031,100,0.5,300
ft20,1230,411031,100,0.8,300
ft20,1230,411031,100,0.9,300
ft20,1230,411031,200,0.5,300
ft20,1232,598795,200,0.8,300
ft20,1233,273009,100,0.5,300
ft20,1233,273009,100,0.8,300
ft20,1233,273009,100,0.9,300
ft20,1233,273009,200,0.5,300
ft20,1233,483850,100,0.5,300
ft20,1233,483850,100,0.8,300
ft20,1233,483850,100,0.9,300
ft20,1233,483850,200,0.5,300
ft20,1233,483850,200,0.8,300
ft20,1233,483850,200,0.9,300
ft20,1233,729981,100,0.5,300
ft20,1233,729981,100,0.8,300
ft20,1233,729981,100,0.9,300
ft20,1233,729981,200,0.5,300
ft20,1233,729981,200,0.8,300
ft20,1233,757870,100,0.5,300
ft20,1233,757870,200,0.8,300
ft20,1234,505485,100,0.5,300
ft20,1234,505485,100,0.8,300
ft20,1234,505485,100,0.9,300
ft20,1234,505485,200,0.5,300
ft20,1234,944889,200,0.8,300
ft20,1235,273009,200,0.9,300
ft20,1235,279019,100,0.5,300
ft20,1235,279019,100,0.8,300
ft20,1235,279019,100,0.9,300
ft20,1235,279019,200,0.5,300
ft20,1235,505485,200,0.8,300
ft20,1236,873184,100,0.5,300
ft20,1236,873184,100,0.8,300
ft20,1236,873184,100,0.9,300
ft20,1236,873184,200,0.5,300
ft20,1236,873184,200,0.9,300
ft20,1237,464997,200,0.9,300
ft20,1237,505272,100,0.5,300
ft20,1237,505272,100,0.8,300
ft20,1237,505272,100,0.9,300
ft20,1237,505272,200,0.5,300
ft20,1237,505272,200,0.8,300
ft20,1237,634044,100,0.5,300
ft20,1237,634044,100,0.8,300
ft20,1238,729981,200,0.9,300
ft20,1238,946303,200,0.9,300
ft20,1239,10080,200,0.9,300
ft20,1239,458995,100,0.8,300
ft20,1239,458995,100,0.9,300
ft20,1239,458995,200,0.5,300
ft20,1239,944889,200,0.9,300
ft20,1239,948152,100,0.5,300
ft20,1239,948152,100,0.8,300
ft20,1239,948152,100,0.9,300
ft20,1239,948152,200,0.5,300
ft20,1239,948152,200,0.8,300
ft20,1240,273009,200,0.8,300
ft20,1240,948152,200,0.9,300
ft20,1241,17047,200,0.9,300
ft20,1242,77435,100,0.5,300
ft20,1242,77435,100,0.8,300
ft20,1242,77435,100,0.9,300
ft20,1242,77435,200,0.5,300
ft20,1242,77435,200,0.8,300
ft20,1243,944889,100,0.5,300
ft20,1243,944889,100,0.8,300
ft20,1243,944889,100,0.9,300
ft20,1243,944889,200,0.5,300
ft20,1243,946303,100,0.5,300
ft20,1243,946303,100,0.9,300
ft20,1243,946303,200,0.5,300
ft20,1244,223397,200,0.8,300
ft20,1244,715603,200,0.8,300
ft20,1246,279019,200,0.8,300
ft20,1246,422159,100,0.5,300
ft20,1246,422159,100,0.8,300
ft20,1246,422159,100,0.9,300
ft20,1246,422159,200,0.5,300
ft20,1246,422159,200,0.9,300
ft20,1247,464997,100,0.5,300
ft20,1247,464997,100,0.8,300
ft20,1247,464997,100,0.9,300
ft20,1247,464997,200,0.5,300
ft20,1247,464997,200,0.8,300
ft20,1247,470922,200,0.9,300
ft20,1248,411031,200,0.9,300
ft20,1248,505272,200,0.9,300
ft20,1248,715603,100,0.5,300
ft20,1248,715603,100,0.8,300
ft20,1248,715603,100,0.9,300
ft20,1248,715603,200,0.5,300
ft20,1249,458995,200,0.9,300
ft20,1249,85765,100,0.5,300
ft20,1249,85765,100,0.8,300
ft20,1249,85765,100,0.9,300
ft20,1249,85765,200,0.5,300
ft20,1249,85765,200,0.8,300
ft20,1251,598795,200,0.9,300
ft20,1251,634044,100,0.9,300
ft20,1251,634044,200,0.5,300
ft20,1251,958412,200,0.9,300
ft20,1252,598795,100,0.5,300
ft20,1252,598795,100,0.8,300
ft20,1252,598795,100,0.9,300
ft20,1252,598795,200,0.5,300
ft20,1252,958412,100,0.5,300
ft20,1252,958412,100,0.8,300
ft20,1252,958412,100,0.9,300
ft20,1252,958412,200,0.5,300
ft20,1252,958412,200,0.8,300
ft20,1253,873184,200,0.8,300
ft20,1254,20611,200,0.9,300
ft20,1254,223397,100,0.8,300
ft20,1254,223397,200,0.5,300
ft20,1254,279019,200,0.9,300
ft20,1254,634044,200,0.9,300
ft20,1254,757870,100,0.8,300
ft20,1254,757870,100,0.9,300
ft20,1254,757870,200,0.5,300
ft20,1255,367530,200,0.9,300
ft20,1256,757870,200,0.9,300
ft20,1258,458995,100,0.5,300
ft20,1258,458995,200,0.8,300
ft20,1259,367530,100,0.5,300
ft20,1259,367530,100,0.8,300
ft20,1259,367530,100,0.9,300
ft20,1259,367530,200,0.5,300
ft20,1259,367530,200,0.8,300
ft20,1260,946303,200,0.8,300
ft20,1263,946303,100,0.8,300
ft20,1266,505485,200,0.9,300
ft20,1278,20611,100,0.8,300
ft20,1278,20611,100,0.9,300
ft20,1278,20611,200,0.5,300
la01,666,10080,100,0.5,300
la01,666,10080,100,0.8,300
la01,666,10080,100,0.9,300
la01,666,10080,200,0.5,300
la01,666,10080,200,0.8,300
la01,666,10080,200,0.9,300
la01,666,17047,100,0.5,300
la01,666,17047,100,0.8,300
la01,666,17047,100,0.9,300
la01,666,17047,200,0.5,300
la01,666,17047,200,0.8,300
la01,666,17047,200,0.9,300
la01,666,20611,100,0.5,300
la01,666,20611,100,0.8,300
la01,666,20611,100,0.9,300
la01,666,20611,200,0.5,300
la01,666,20611,200,0.8,300
la01,666,20611,200,0.9,300
la01,666,223397,100,0.5,300
la01,666,223397,100,0.8,300
la01,666,223397,100,0.9,300
la01,666,223397,200,0.5,300
la01,666,223397,200,0.8,300
la01,666,223397,200,0.9,300
la01,666,273009,100,0.5,300
la01,666,273009,100,0.8,300
la01,666,273009,100,0.9,300
la01,666,273009,200,0.5,300
la01,666,273009,200,0.8,300
la01,666,273009,200,0.9,300
la01,666,279019,100,0.5,300
la01,666,279019,100,0.8,300
la01,666,279019,100,0.9,300
la01,666,279019,200,0.5,300
la01,666,279019,200,0.8,300
la01,666,279019,200,0.9,300
la01,666,367530,100,0.5,300
la01,666,367530,100,0.8,300
la01,666,367530,100,0.9,300
la01,666,367530,200,0.5,300
la01,666,367530,200,0.8,300
la01,666,367530,200,0.9,300
la01,666,411031,100,0.5,300
la01,666,411031,100,0.8,300
la01,666,411031,100,0.9,300
la01,666,411031,200,0.5,300
la01,666,411031,200,0.8,300
la01,666,411031,200,0.9,300
la01,666,422159,100,0.5,300
la01,666,422159,100,0.8,300
la01,666,422159,100,0.9,300
la01,666,422159,200,0.5,300
la01,666,422159,200,0.8,300
la01,666,422159,200,0.9,300
la01,666,454362,100,0.5,300
la01,666,454362,100,0.8,300
la01,666,454362,100,0.9,300
la01,666,454362,200,0.5,300
la01,666,454362,200,0.8,300
la01,666,454362,200,0.9,300
la01,666,458995,100,0.5,300
la01,666,458995,100,0.8,300
la01,666,458995,100,0.9,300
la01,666,458995,200,0.5,300
la01,666,458995,200,0.8,300
la01,666,458995,200,0.9,300
la01,666,464997,100,0.5,300
la01,666,464997,100,0.8,300
la01,666,464997,100,0.9,300
la01,666,464997,200,0.5,300
la01,666,464997,200,0.8,300
la01,666,464997,200,0.9,300
la01,666,470922,100,0.5,300
la01,666,470922,100,0.8,300
la01,666,470922,100,0.9,300
la01,666,470922,200,0.5,300
la01,666,470922,200,0.8,300
la01,666,470922,200,0.9,300
la01,666,483850,100,0.5,300
la01,666,483850,100,0.8,300
la01,666,483850,100,0.9,300
la01,666,483850,200,0.5,300
la01,666,483850,200,0.8,300
la01,666,483850,200,0.9,300
la01,666,505272,100,0.5,300
la01,666,505272,100,0.8,300
la01,666,505272,100,0.9,300
la01,666,505272,200,0.5,300
la01,666,505272,200,0.8,300
la01,666,505272,200,0.9,300
la01,666,505485,100,0.5,300
la01,666,505485,100,0.8,300
la01,666,505485,100,0.9,300
la01,666,505485,200,0.5,300
la01,666,505485,200,0.8,300
la01,666,505485,200,0.9,300
la01,666,598795,100,0.5,300
la01,666,598795,100,0.8,300
la01,666,598795,100,0.9,300
la01,666,598795,200,0.5,300
la01,666,598795,200,0.8,300
la01,666,598795,200,0.9,300
la01,666,61306,100,0.5,300
la01,666,61306,100,0.8,300
la01,666,61306,100,0.9,300
la01,666,61306,200,0.5,300
la01,666,61306,200,0.8,300
la01,666,61306,200,0.9,300
la01,666,634044,100,0.5,300
la01,666,634044,100,0.8,300
la01,666,634044,100,0.9,300
la01,666,634044,200,0.5,300
la01,666,634044,200,0.8,300
la01,666,634044,200,0.9,300
la01,666,715603,100,0.5,300
la01,666,715603,100,0.8,300
la01,666,715603,100,0.9,300
la01,666,715603,200,0.5,300
la01,666,715603,200,0.8,300
la01,666,715603,200,0.9,300
la01,666,729981,100,0.5,300
la01,666,729981,100,0.8,300
la01,666,729981,100,0.9,300
la01,666,729981,200,0.5,300
la01,666,729981,200,0.8,300
la01,666,729981,200,0.9,300
la01,666,741519,100,0.5,300
la01,666,741519,100,0.8,300
la01,666,741519,100,0.9,300
la01,666,741519,200,0.5,300
la01,666,741519,200,0.8,300
la01,666,741519,200,0.9,300
la01,666,757870,100,0.5,300
la01,666,757870,100,0.8,300
la01,666,757870,100,0.9,300
la01,666,757870,200,0.5,300
la01,666,757870,200,0.8,300
la01,666,757870,200,0.9,300
la01,666,77435,100,0.5,300
la01,666,77435,100,0.8,300
la01,666,77435,100,0.9,300
la01,666,77435,200,0.5,300
la01,666,77435,200,0.8,300
la01,666,77435,200,0.9,300
la01,666,85765,100,0.5,300
la01,666,85765,100,0.8,300
la01,666,85765,100,0.9,300
la01,666,85765,200,0.5,300
la01,666,85765,200,0.8,300
la01,666,85765,200,0.9,300
la01,666,873184,100,0.5,300
la01,666,873184,100,0.8,300
la01,666,873184,100,0.9,300
la01,666,873184,200,0.5,300
la01,666,873184,200,0.8,300
la01,666,873184,200,0.9,300
la01,666,944889,100,0.5,300
la01,666,944889,100,0.8,300
la01,666,944889,100,0.9,300
la01,666,944889,200,0.5,300
la01,666,944889,200,0.8,300
la01,666,944889,200,0.9,300
la01,666,946303,100,0.5,300
la01,666,946303,100,0.8,300
la01,666,946303,100,0.9,300
la01,666,946303,200,0.5,300
la01,666,946303,200,0.8,300
la01,666,946303,200,0.9,300
la01,666,948152,100,0.5,300
la01,666,948152,100,0.8,300
la01,666,948152,100,0.9,300
la01,666,948152,200,0.5,300
la01,666,948152,200,0.8,300
la01,666,948152,200,0.9,300
la01,666,958412,100,0.5,300
la01,666,958412,100,0.8,300
la01,666,958412,100,0.9,300
la01,666,958412,200,0.5,300
la01,666,958412,200,0.8,300
la01,666,958412,200,0.9,300
la02,655,10080,100,0.9,300
la02,655,10080,200,0.8,300
la02,655,10080,200,0.9,300
la02,655,17047,100,0.5,300
la02,655,17047,100,0.8,300
la02,655,17047,200,0.9,300
la02,655,20611,100,0.5,300
la02,655,20611,100,0.8,300
la02,655,20611,100,0.9,300
la02,655,20611,200,0.5,300
la02,655,20611,200,0.8,300
la02,655,20611,200,0.9,300
la02,655,223397,200,0.8,300
la02,655,273009,100,0.5,300
la02,655,273009,100,0.8,300
la02,655,273009,100,0.9,300
la02,655,273009,200,0.8,300
la02,655,273009,200,0.9,300
la02,655,279019,200,0.5,300
la02,655,279019,200,0.8,300
la02,655,279019,200,0.9,300
la02,655,367530,100,0.5,300
la02,655,367530,100,0.8,300
la02,655,367530,200,0.5,300
la02,655,367530,200,0.9,300
la02,655,411031,100,0.5,300
la02,655,411031,100,0.8,300
la02,655,411031,100,0.9,300
la02,655,411031,200,0.5,300
la02,655,411031,200,0.8,300
la02,655,411031,200,0.9,300
la02,655,422159,200,0.8,300
la02,655,422159,200,0.9,300
la02,655,454362,100,0.5,300
la02,655,454362,100,0.8,300
la02,655,454362,200,0.8,300
la02,655,454362,200,0.9,300
la02,655,458995,100,0.5,300
la02,655,458995,100,0.8,300
la02,655,458995,200,0.8,300
la02,655,458995,200,0.9,300
la02,655,464997,100,0.5,300
la02,655,464997,100,0.8,300
la02,655,464997,100,0.9,300
la02,655,464997,200,0.5,300
la02,655,464997,200,0.8,300
la02,655,464997,200,0.9,300
la02,655,470922,100,0.5,300
la02,655,470922,100,0.8,300
la02,655,470922,100,0.9,300
la02,655,470922,200,0.5,300
la02,655,470922,200,0.9,300
la02,655,483850,100,0.5,300
la02,655,483850,100,0.8,300
la02,655,483850,100,0.9,300
la02,655,483850,200,0.5,300
la02,655,483850,200,0.8,300
la02,655,483850,200,0.9,300
la02,655,505272,200,0.8,300
la02,655,505272,200,0.9,300
la02,655,505485,200,0.5,300
la02,655,505485,200,0.8,300
la02,655,505485,200,0.9,300
la02,655,598795,100,0.9,300
la02,655,598795,200,0.5,300
la02,655,598795,200,0.8,300
la02,655,61306,100,0.8,300
la02,655,61306,100,0.9,300
la02,655,61306,200,0.8,300
la02,655,634044,200,0.8,300
la02,655,634044,200,0.9,300
la02,655,715603,100,0.5,300
la02,655,715603,100,0.8,300
la02,655,715603,100,0.9,300
la02,655,715603,200,0.5,300
la02,655,715603,200,0.8,300
la02,655,715603,200,0.9,300
la02,655,729981,100,0.5,300
la02,655,729981,100,0.8,300
la02,655,729981,100,0.9,300
la02,655,729981,200,0.5,300
la02,655,729981,200,0.8,300
la02,655,729981,200,0.9,300
la02,655,741519,100,0.5,300
la02,655,741519,100,0.8,300
la02,655,741519,100,0.9,300
la02,655,741519,200,0.5,300
la02,655,757870,100,0.9,300
la02,655,757870,200,0.5,300
la02,655,77435,200,0.8,300
la02,655,85765,100,0.5,300
la02,655,85765,100,0.8,300
la02,655,85765,100,0.9,300
la02,655,85765,200,0.5,300
la02,655,85765,200,0.8,300
la02,655,85765,200,0.9,300
la02,655,873184,100,0.9,300
la02,655,873184,200,0.5,300
la02,655,873184,200,0.8,300
la02,655,873184,200,0.9,300
la02,655,944889,100,0.5,300
la02,655,944889,100,0.8,300
la02,655,944889,100,0.9,300
la02,655,944889,200,0.5,300
la02,655,944889,200,0.8,300
la02,655,944889,200,0.9,300
la02,655,946303,100,0.5,300
la02,655,946303,100,0.8,300
la02,655,946303,100,0.9,300
la02,655,946303,200,0.5,300
la02,655,946303,200,0.9,300
la02,655,948152,100,0.5,300
la02,655,948152,100,0.8,300
la02,655,948152,100,0.9,300
la02,655,948152,200,0.5,300
la02,655,948152,200,0.8,300
la02,655,948152,200,0.9,300
la02,656,279019,100,0.9,300
la02,656,470922,200,0.8,300
la02,656,505272,200,0.5,300
la02,656,598795,200,0.9,300
la02,656,946303,200,0.8,300
la02,657,10080,100,0.5,300
la02,657,10080,100,0.8,300
la02,657,10080,200,0.5,300
la02,657,223397,100,0.5,300
la02,657,223397,100,0.8,300
la02,657,223397,100,0.9,300
la02,657,505272,100,0.5,300
la02,657,598795,100,0.5,300
la02,657,598795,100,0.8,300
la02,657,634044,100,0.9,300
la02,657,757870,200,0.8,300
la02,657,757870,200,0.9,300
la02,658,273009,200,0.5,300
la02,658,279019,100,0.5,300
la02,658,279019,100,0.8,300
la02,658,422159,200,0.5,300
la02,658,454362,100,0.9,300
la02,658,61306,200,0.9,300
la02,658,634044,100,0.5,300
la02,658,634044,100,0.8,300
la02,658,634044,200,0.5,300
la02,658,741519,200,0.9,300
la02,658,77435,100,0.5,300
la02,658,77435,100,0.8,300
la02,658,77435,100,0.9,300
la02,658,77435,200,0.5,300
la02,658,77435,200,0.9,300
la02,658,873184,100,0.5,300
la02,658,873184,100,0.8,300
la02,658,958412,200,0.9,300
la02,659,958412,200,0.8,300
la02,660,223397,200,0.9,300
la02,660,422159,100,0.5,300
la02,660,458995,200,0.5,300
la02,660,505272,100,0.8,300
la02,660,505272,100,0.9,300
la02,660,741519,200,0.8,300
la02,660,757870,100,0.5,300
la02,660,757870,100,0.8,300
la02,661,422159,100,0.8,300
la02,662,17047,200,0.5,300
la02,662,367530,100,0.9,300
la02,663,17047,100,0.9,300
la02,663,17047,200,0.8,300
la02,663,367530,200,0.8,300
la02,663,454362,200,0.5,300
la02,663,458995,100,0.9,300
la02,663,61306,100,0.5,300
la02,663,61306,200,0.5,300
la02,663,958412,100,0.5,300
la02,663,958412,100,0.8,300
la02,663,958412,200,0.5,300
la02,664,505485,100,0.9,300
la02,664,958412,100,0.9,300
la02,665,223397,200,0.5,300
la02,665,422159,100,0.9,300
la02,666,505485,100,0.5,300
la02,666,505485,100,0.8,300
la03,597,10080,200,0.8,300
la03,597,223397,100,0.5,300
la03,597,223397,100,0.8,300
la03,597,273009,200,0.5,300
la03,597,454362,100,0.8,300
la03,597,464997,200,0.9,300
la03,597,61306,100,0.8,300
la03,597,61306,100,0.9,300
la03,597,61306,200,0.5,300
la03,597,729981,200,0.8,300
la03,597,757870,200,0.8,300
la03,597,873184,200,0.9,300
la03,599,505272,100,0.5,300
la03,599,505272,100,0.8,300
la03,599,505272,200,0.5,300
la03,599,946303,100,0.5,300
la03,599,946303,100,0.8,300
la03,599,946303,100,0.9,300
la03,603,20611,200,0.9,300
la03,603,411031,100,0.5,300
la03,603,411031,100,0.8,300
la03,603,411031,200,0.5,300
la03,603,505272,100,0.9,300
la03,603,505272,200,0.9,300
la03,603,505485,200,0.9,300
la03,603,61306,100,0.5,300
la03,603,634044,200,0.8,300
la03,603,715603,200,0.9,300
la03,603,729981,200,0.9,300
la03,603,741519,200,0.5,300
la03,603,757870,200,0.9,300
la03,603,944889,100,0.9,300
la03,603,944889,200,0.9,300
la03,603,948152,200,0.8,300
la03,604,10080,200,0.9,300
la03,604,17047,100,0.5,300
la03,604,17047,200,0.5,300
la03,604,17047,200,0.8,300
la03,604,20611,200,0.8,300
la03,604,223397,100,0.9,300
la03,604,279019,200,0.5,300
la03,604,279019,200,0.9,300
la03,604,411031,100,0.9,300
la03,604,411031,200,0.8,300
la03,604,411031,200,0.9,300
la03,604,422159,200,0.8,300
la03,604,422159,200,0.9,300
la03,604,454362,200,0.8,300
la03,604,454362,200,0.9,300
la03,604,458995,100,0.5,300
la03,604,458995,100,0.8,300
la03,604,458995,100,0.9,300
la03,604,458995,200,0.5,300
la03,604,458995,200,0.9,300
la03,604,464997,100,0.5,300
la03,604,464997,100,0.8,300
la03,604,464997,100,0.9,300
la03,604,470922,100,0.9,300
la03,604,470922,200,0.9,300
la03,604,483850,200,0.9,300
la03,604,505485,100,0.5,300
la03,604,505485,100,0.8,300
la03,604,505485,200,0.5,300
la03,604,598795,100,0.5,300
la03,604,598795,100,0.8,300
la03,604,598795,200,0.8,300
la03,604,598795,200,0.9,300
la03,604,61306,200,0.9,300
la03,604,634044,100,0.5,300
la03,604,634044,100,0.8,300
la03,604,634044,100,0.9,300
la03,604,634044,200,0.5,300
la03,604,634044,200,0.9,300
la03,604,715603,200,0.5,300
la03,604,729981,100,0.5,300
la03,604,729981,100,0.8,300
la03,604,729981,200,0.5,300
la03,604,741519,100,0.9,300
la03,604,741519,200,0.9,300
la03,604,77435,100,0.5,300
la03,604,77435,100,0.8,300
la03,604,77435,100,0.9,300
la03,604,77435,200,0.5,300
la03,604,77435,200,0.8,300
la03,604,85765,100,0.5,300
la03,604,85765,100,0.8,300
la03,604,85765,100,0.9,300
la03,604,85765,200,0.5,300
la03,604,873184,100,0.5,300
la03,604,873184,100,0.8,300
la03,604,873184,100,0.9,300
la03,604,944889,100,0.5,300
la03,604,944889,100,0.8,300
la03,604,944889,200,0.5,300
la03,604,944889,200,0.8,300
la03,604,946303,200,0.9,300
la03,604,948152,200,0.5,300
la03,604,948152,200,0.9,300
la03,604,958412,200,0.8,300
la03,604,958412,200,0.9,300
la03,605,10080,100,0.5,300
la03,605,223397,200,0.5,300
la03,605,223397,200,0.9,300
la03,605,273009,100,0.5,300
la03,605,273009,200,0.8,300
la03,605,279019,200,0.8,300
la03,605,367530,100,0.9,300
la03,605,367530,200,0.5,300
la03,605,454362,200,0.5,300
la03,605,458995,200,0.8,300
la03,605,715603,200,0.8,300
la03,605,741519,100,0.5,300
la03,605,85765,200,0.9,300
la03,605,873184,200,0.8,300
la03,605,946303,200,0.5,300
la03,606,10080,200,0.5,300
la03,606,17047,100,0.8,300
la03,606,17047,100,0.9,300
la03,606,17047,200,0.9,300
la03,606,273009,100,0.8,300
la03,606,273009,100,0.9,300
la03,606,273009,200,0.9,300
la03,606,367530,200,0.9,300
la03,606,470922,100,0.8,300
la03,606,470922,200,0.5,300
la03,606,470922,200,0.8,300
la03,606,483850,100,0.5,300
la03,606,483850,100,0.8,300
la03,606,483850,200,0.5,300
la03,606,505272,200,0.8,300
la03,606,505485,100,0.9,300
la03,606,715603,100,0.5,300
la03,606,715603,100,0.8,300
la03,606,715603,100,0.9,300
la03,606,729981,100,0.9,300
la03,606,741519,200,0.8,300
la03,606,757870,100,0.8,300
la03,606,757870,100,0.9,300
la03,606,946303,200,0.8,300
la03,606,948152,100,0.5,300
la03,606,948152,100,0.8,300
la03,606,958412,100,0.5,300
la03,606,958412,100,0.8,300
la03,606,958412,100,0.9,300
la03,606,958412,200,0.5,300
la03,608,367530,100,0.5,300
la03,608,454362,100,0.5,300
la03,608,464997,200,0.8,300
la03,608,757870,200,0.5,300
la03,608,873184,200,0.5,300
la03,609,85765,200,0.8,300
la03,610,422159,100,0.8,300
la03,610,422159,200,0.5,300
la03,611,20611,100,0.5,300
la03,611,20611,100,0.8,300
la03,613,10080,100,0.8,300
la03,613,20611,100,0.9,300
la03,613,20611,200,0.5,300
la03,613,223397,200,0.8,300
la03,613,279019,100,0.5,300
la03,613,279019,100,0.8,300
la03,613,279019,100,0.9,300
la03,613,454362,100,0.9,300
la03,613,464997,200,0.5,300
la03,613,483850,100,0.9,300
la03,613,483850,200,0.8,300
la03,613,505485,200,0.8,300
la03,613,598795,100,0.9,300
la03,613,598795,200,0.5,300
la03,613,741519,100,0.8,300
la03,613,757870,100,0.5,300
la03,613,77435,200,0.9,300
la03,613,948152,100,0.9,300
la03,614,367530,100,0.8,300
la03,614,422159,100,0.9,300
la03,617,10080,100,0.9,300
la03,617,367530,200,0.8,300
la03,617,422159,100,0.5,300
la03,617,470922,100,0.5,300
la03,617,61306,200,0.8,300
la04,590,10080,100,0.5,300
la04,590,10080,100,0.9,300
la04,590,10080,200,0.8,300
la04,590,10080,200,0.9,300
la04,590,17047,200,0.8,300
la04,590,17047,200,0.9,300
la04,590,20611,200,0.5,300
la04,590,223397,200,0.9,300
la04,590,273009,100,0.8,300
la04,590,273009,100,0.9,300
la04,590,273009,200,0.5,300
la04,590,273009,200,0.8,300
la04,590,279019,100,0.5,300
la04,590,279019,200,0.5,300
la04,590,279019,200,0.8,300
la04,590,411031,100,0.5,300
la04,590,411031,100,0.8,300
la04,590,411031,100,0.9,300
la04,590,411031,200,0.5,300
la04,590,411031,200,0.8,300
la04,590,411031,200,0.9,300
la04,590,422159,100,0.5,300
la04,590,422159,100,0.8,300
la04,590,422159,100,0.9,300
la04,590,422159,200,0.5,300
la04,590,422159,200,0.9,300
la04,590,454362,100,0.5,300
la04,590,454362,100,0.8,300
la04,590,458995,100,0.5,300
la04,590,458995,100,0.8,300
la04,590,458995,100,0.9,300
la04,590,458995,200,0.8,300
la04,590,458995,200,0.9,300
la04,590,464997,200,0.8,300
la04,590,464997,200,0.9,300
la04,590,470922,100,0.9,300
la04,590,470922,200,0.5,300
la04,590,470922,200,0.9,300
la04,590,483850,100,0.9,300
la04,590,483850,200,0.5,300
la04,590,483850,200,0.8,300
la04,590,483850,200,0.9,300
la04,590,505272,100,0.5,300
la04,590,505272,100,0.8,300
la04,590,505272,100,0.9,300
la04,590,505272,200,0.5,300
la04,590,505272,200,0.9,300
la04,590,505485,100,0.5,300
la04,590,505485,100,0.8,300
la04,590,505485,100,0.9,300
la04,590,505485,200,0.5,300
la04,590,505485,200,0.8,300
la04,590,505485,200,0.9,300
la04,590,598795,100,0.9,300
la04,590,598795,200,0.9,300
la04,590,61306,100,0.9,300
la04,590,61306,200,0.8,300
la04,590,61306,200,0.9,300
la04,590,634044,100,0.5,300
la04,590,634044,100,0.8,300
la04,590,634044,200,0.5,300
la04,590,715603,100,0.9,300
la04,590,715603,200,0.9,300
la04,590,729981,200,0.9,300
la04,590,741519,100,0.9,300
la04,590,741519,200,0.9,300
la04,590,757870,200,0.8,300
la04,590,757870,200,0.9,300
la04,590,77435,200,0.5,300
la04,590,77435,200,0.8,300
la04,590,77435,200,0.9,300
la04,590,85765,100,0.8,300
la04,590,873184,100,0.9,300
la04,590,873184,200,0.5,300
la04,590,873184,200,0.8,300
la04,590,944889,200,0.8,300
la04,590,946303,100,0.5,300
la04,590,946303,100,0.8,300
la04,590,946303,200,0.8,300
la04,590,946303,200,0.9,300
la04,590,948152,100,0.9,300
la04,590,948152,200,0.9,300
la04,590,958412,100,0.5,300
la04,590,958412,100,0.8,300
la04,590,958412,100,0.9,300
la04,590,958412,200,0.5,300
la04,590,958412,200,0.8,300
la04,590,958412,200,0.9,300
la04,591,20611,100,0.5,300
la04,591,20611,100,0.8,300
la04,591,20611,100,0.9,300
la04,592,729981,100,0.9,300
la04,593,10080,100,0.8,300
la04,593,10080,200,0.5,300
la04,593,17047,100,0.8,300
la04,593,17047,100,0.9,300
la04,593,17047,200,0.5,300
la04,593,20611,200,0.8,300
la04,593,20611,200,0.9,300
la04,593,223397,200,0.5,300
la04,593,223397,200,0.8,300
la04,593,273009,100,0.5,300
la04,593,273009,200,0.9,300
la04,593,279019,100,0.9,300
la04,593,279019,200,0.9,300
la04,593,367530,100,0.5,300
la04,593,367530,100,0.8,300
la04,593,367530,200,0.9,300
la04,593,454362,100,0.9,300
la04,593,454362,200,0.5,300
la04,593,454362,200,0.8,300
la04,593,458995,200,0.5,300
la04,593,464997,100,0.5,300
la04,593,464997,100,0.8,300
la04,593,464997,100,0.9,300
la04,593,483850,100,0.5,300
la04,593,483850,100,0.8,300
la04,593,598795,100,0.5,300
la04,593,598795,100,0.8,300
la04,593,598795,200,0.5,300
la04,593,598795,200,0.8,300
la04,593,61306,200,0.5,300
la04,593,634044,100,0.9,300
la04,593,634044,200,0.8,300
la04,593,634044,200,0.9,300
la04,593,715603,100,0.5,300
la04,593,715603,200,0.5,300
la04,593,729981,100,0.8,300
la04,593,729981,200,0.5,300
la04,593,729981,200,0.8,300
la04,593,741519,100,0.5,300
la04,593,741519,100,0.8,300
la04,593,741519,200,0.5,300
la04,593,741519,200,0.8,300
la04,593,757870,100,0.9,300
la04,593,757870,200,0.5,300
la04,593,77435,100,0.5,300
la04,593,77435,100,0.8,300
la04,593,77435,100,0.9,300
la04,593,85765,200,0.5,300
la04,593,85765,200,0.9,300
la04,593,873184,100,0.5,300
la04,593,873184,100,0.8,300
la04,593,944889,100,0.5,300
la04,593,944889,100,0.8,300
la04,593,944889,100,0.9,300
la04,593,944889,200,0.5,300
la04,593,946303,200,0.5,300
la04,593,948152,100,0.5,300
la04,594,367530,100,0.9,300
la04,594,61306,100,0.8,300
la04,594,85765,100,0.9,300
la04,594,85765,200,0.8,300
la04,595,223397,100,0.5,300
la04,595,223397,100,0.8,300
la04,595,279019,100,0.8,300
la04,595,367530,200,0.5,300
la04,595,464997,200,0.5,300
la04,595,470922,200,0.8,300
la04,595,61306,100,0.5,300
la04,595,715603,100,0.8,300
la04,595,715603,200,0.8,300
la04,595,729981,100,0.5,300
la04,595,757870,100,0.5,300
la04,595,873184,200,0.9,300
la04,595,946303,100,0.9,300
la04,596,948152,200,0.8,300
la04,597,17047,100,0.5,300
la04,597,223397,100,0.9,300
la04,597,367530,200,0.8,300
la04,597,454362,200,0.9,300
la04,597,505272,200,0.8,300
la04,597,85765,100,0.5,300
la04,597,948152,100,0.8,300
la04,597,948152,200,0.5,300
la04,598,422159,200,0.8,300
la04,598,470922,100,0.5,300
la04,598,470922,100,0.8,300
la04,598,757870,100,0.8,300
la04,598,944889,200,0.9,300
