abz5,1236,223397,100,0.5,300,1449
abz5,1236,223397,100,0.8,300,1459
abz5,1236,223397,100,0.9,300,1469
abz5,1236,223397,200,0.5,300,1479
abz5,1239,454362,100,0.5,300,909
abz5,1239,454362,100,0.8,300,919
abz5,1239,454362,100,0.9,300,929
abz5,1239,454362,200,0.5,300,939
abz5,1242,279019,100,0.5,300,1749
abz5,1242,279019,100,0.8,300,1759
abz5,1242,279019,100,0.9,300,1769
abz5,1242,279019,200,0.5,300,1779
abz5,1245,470922,100,0.5,300,309
abz5,1245,470922,100,0.8,300,319
abz5,1245,470922,100,0.9,300,329
abz5,1245,470922,200,0.5,300,339
abz5,1245,470922,200,0.8,300,349
abz5,1248,729981,100,0.5,300,1149
abz5,1248,729981,100,0.8,300,1159
abz5,1248,729981,100,0.9,300,1169
abz5,1248,729981,200,0.5,300,1179
abz5,1248,729981,200,0.8,300,1189
abz5,1248,729981,200,0.9,300,1199
abz5,1248,944889,200,0.9,300,479
abz5,1249,505485,100,0.5,300,1329
abz5,1249,505485,100,0.8,300,1339
abz5,1249,505485,100,0.9,300,1349
abz5,1249,505485,200,0.5,300,1359
abz5,1249,505485,200,0.8,300,1369
abz5,1250,422159,100,0.5,300,69
abz5,1250,422159,100,0.8,300,79
abz5,1250,422159,100,0.9,300,89
abz5,1250,422159,200,0.5,300,99
abz5,1250,422159,200,0.8,300,109
abz5,1251,10080,100,0.5,300,669
abz5,1251,10080,100,0.8,300,679
abz5,1251,10080,100,0.9,300,689
abz5,1251,10080,200,0.5,300,699
abz5,1251,10080,200,0.8,300,709
abz5,1251,10080,200,0.9,300,719
abz5,1251,598795,100,0.8,300,979
abz5,1251,598795,100,0.9,300,989
abz5,1251,598795,200,0.5,300,999
abz5,1251,61306,100,0.5,300,789
abz5,1251,61306,100,0.8,300,799
abz5,1251,61306,100,0.9,300,809
abz5,1251,61306,200,0.5,300,819
abz5,1251,61306,200,0.8,300,829
abz5,1251,61306,200,0.9,300,839
abz5,1252,17047,100,0.5,300,1569
abz5,1252,17047,100,0.8,300,1579
abz5,1252,17047,100,0.9,300,1589
abz5,1252,17047,200,0.5,300,1599
abz5,1252,17047,200,0.8,300,1609
abz5,1252,17047,200,0.9,300,1619
abz5,1252,411031,100,0.5,300,549
abz5,1252,411031,100,0.8,300,559
abz5,1252,411031,100,0.9,300,569
abz5,1252,411031,200,0.5,300,579
abz5,1252,411031,200,0.8,300,589
abz5,1252,422159,200,0.9,300,119
abz5,1252,483850,100,0.5,300,189
abz5,1252,483850,100,0.8,300,199
abz5,1252,483850,100,0.9,300,209
abz5,1252,483850,200,0.5,300,219
abz5,1252,483850,200,0.8,300,229
abz5,1252,483850,200,0.9,300,239
abz5,1252,77435,100,0.5,300,129
abz5,1252,77435,100,0.8,300,139
abz5,1252,77435,100,0.9,300,149
abz5,1252,77435,200,0.5,300,159
abz5,1252,77435,200,0.8,300,169
abz5,1252,85765,100,0.5,300,249
abz5,1252,85765,100,0.8,300,259
abz5,1252,85765,100,0.9,300,269
abz5,1252,85765,200,0.5,300,279
abz5,1252,85765,200,0.8,300,289
abz5,1252,85765,200,0.9,300,299
abz5,1252,948152,200,0.9,300,659
abz5,1253,20611,100,0.5,300,369
abz5,1253,20611,100,0.8,300,379
abz5,1253,20611,100,0.9,300,389
abz5,1253,20611,200,0.5,300,399
abz5,1253,367530,100,0.5,300,1629
abz5,1253,367530,100,0.8,300,1639
abz5,1253,367530,100,0.9,300,1649
abz5,1253,367530,200,0.5,300,1659
abz5,1253,367530,200,0.8,300,1669
abz5,1253,367530,200,0.9,300,1679
abz5,1253,505485,200,0.9,300,1379
abz5,1253,757870,100,0.5,300,729
abz5,1253,757870,100,0.8,300,739
abz5,1253,757870,100,0.9,300,749
abz5,1253,757870,200,0.5,300,759
abz5,1253,757870,200,0.8,300,769
abz5,1253,948152,100,0.5,300,609
abz5,1253,948152,100,0.8,300,619
abz5,1253,948152,100,0.9,300,629
abz5,1253,948152,200,0.5,300,639
abz5,1253,948152,200,0.8,300,649
abz5,1254,454362,200,0.8,300,949
abz5,1254,458995,100,0.5,300,1209
abz5,1254,458995,100,0.8,300,1219
abz5,1254,458995,100,0.9,300,1229
abz5,1254,458995,200,0.5,300,1239
abz5,1254,458995,200,0.8,300,1249
abz5,1254,458995,200,0.9,300,1259
abz5,1254,944889,100,0.5,300,429
abz5,1254,944889,100,0.8,300,439
abz5,1254,944889,100,0.9,300,449
abz5,1254,944889,200,0.5,300,459
abz5,1254,944889,200,0.8,300,469
abz5,1254,946303,100,0.5,300,1689
abz5,1254,946303,100,0.8,300,1699
abz5,1254,946303,100,0.9,300,1709
abz5,1254,946303,200,0.5,300,1719
abz5,1254,946303,200,0.8,300,1729
abz5,1255,273009,100,0.5,300,9
abz5,1255,273009,100,0.8,300,19
abz5,1255,273009,100,0.9,300,29
abz5,1255,273009,200,0.5,300,39
abz5,1255,273009,200,0.8,300,49
abz5,1257,958412,100,0.5,300,1509
abz5,1257,958412,100,0.8,300,1519
abz5,1257,958412,100,0.9,300,1529
abz5,1257,958412,200,0.5,300,1539
abz5,1257,958412,200,0.8,300,1549
abz5,1257,958412,200,0.9,300,1559
abz5,1258,273009,200,0.9,300,59
abz5,1258,598795,100,0.5,300,969
abz5,1260,279019,200,0.8,300,1789
abz5,1260,411031,200,0.9,300,599
abz5,1260,470922,200,0.9,300,359
abz5,1260,505272,100,0.5,300,489
abz5,1260,505272,100,0.8,300,499
abz5,1260,505272,100,0.9,300,509
abz5,1260,505272,200,0.5,300,519
abz5,1260,505272,200,0.8,300,529
abz5,1260,505272,200,0.9,300,539
abz5,1260,634044,100,0.5,300,1269
abz5,1260,634044,100,0.8,300,1279
abz5,1260,634044,100,0.9,300,1289
abz5,1260,634044,200,0.5,300,1299
abz5,1260,634044,200,0.8,300,1309
abz5,1260,634044,200,0.9,300,1319
abz5,1260,715603,200,0.9,300,1439
abz5,1260,946303,200,0.9,300,1739
abz5,1261,279019,200,0.9,300,1799
abz5,1261,464997,100,0.5,300,1029
abz5,1261,464997,100,0.8,300,1039
abz5,1261,464997,100,0.9,300,1049
abz5,1261,464997,200,0.5,300,1059
abz5,1261,464997,200,0.8,300,1069
abz5,1261,464997,200,0.9,300,1079
abz5,1261,873184,200,0.9,300,899
abz5,1262,20611,200,0.8,300,409
abz5,1262,20611,200,0.9,300,419
abz5,1262,223397,200,0.8,300,1489
abz5,1262,223397,200,0.9,300,1499
abz5,1263,873184,100,0.5,300,849
abz5,1263,873184,100,0.9,300,869
abz5,1263,873184,200,0.5,300,879
abz5,1263,873184,200,0.8,300,889
abz5,1264,741519,200,0.8,300,1129
abz5,1264,741519,200,0.9,300,1139
abz5,1266,454362,200,0.9,300,959
abz5,1266,598795,200,0.8,300,1009
abz5,1266,598795,200,0.9,300,1019
abz5,1267,715603,100,0.5,300,1389
abz5,1267,715603,100,0.8,300,1399
abz5,1267,715603,100,0.9,300,1409
abz5,1267,715603,200,0.5,300,1419
abz5,1267,715603,200,0.8,300,1429
abz5,1267,741519,100,0.5,300,1089
abz5,1267,741519,100,0.8,300,1099
abz5,1267,741519,100,0.9,300,1109
abz5,1267,741519,200,0.5,300,1119
abz5,1267,757870,200,0.9,300,779
abz5,1267,77435,200,0.9,300,179
abz5,1268,873184,100,0.8,300,859
abz6,945,464997,200,0.9,300,1077
abz6,948,10080,200,0.9,300,717
abz6,948,223397,100,0.5,300,1447
abz6,948,223397,100,0.8,300,1457
abz6,948,223397,100,0.9,300,1467
abz6,948,223397,200,0.5,300,1477
abz6,948,223397,200,0.8,300,1487
abz6,948,273009,200,0.9,300,57
abz6,948,464997,100,0.5,300,1027
abz6,948,464997,100,0.8,300,1037
abz6,948,464997,100,0.9,300,1047
abz6,948,464997,200,0.5,300,1057
abz6,948,464997,200,0.8,300,1067
abz6,948,483850,100,0.5,300,187
abz6,948,483850,100,0.8,300,197
abz6,948,483850,100,0.9,300,207
abz6,948,483850,200,0.5,300,217
abz6,948,483850,200,0.9,300,237
abz6,948,505272,200,0.9,300,537
abz6,948,634044,100,0.5,300,1267
abz6,948,634044,100,0.8,300,1277
abz6,948,634044,100,0.9,300,1287
abz6,948,634044,200,0.5,300,1297
abz6,948,741519,200,0.9,300,1137
abz6,948,757870,200,0.8,300,767
abz6,948,77435,100,0.5,300,127
abz6,948,77435,100,0.8,300,137
abz6,948,77435,100,0.9,300,147
abz6,948,77435,200,0.5,300,157
abz6,949,367530,200,0.9,300,1677
abz6,949,85765,200,0.8,300,287
abz6,951,279019,100,0.5,300,1747
abz6,951,279019,100,0.8,300,1757
abz6,951,279019,100,0.9,300,1767
abz6,951,279019,200,0.5,300,1777
abz6,951,279019,200,0.8,300,1787
abz6,951,411031,200,0.5,300,577
abz6,951,715603,200,0.9,300,1437
abz6,951,729981,100,0.5,300,1147
abz6,951,729981,100,0.8,300,1157
abz6,951,729981,100,0.9,300,1167
abz6,951,729981,200,0.5,300,1177
abz6,951,729981,200,0.8,300,1187
abz6,951,77435,200,0.8,300,167
abz6,952,454362,100,0.5,300,907
abz6,952,454362,100,0.9,300,927
abz6,952,483850,200,0.8,300,227
abz6,952,757870,200,0.9,300,777
abz6,955,85765,100,0.5,300,247
abz6,955,85765,100,0.8,300,257
abz6,955,85765,100,0.9,300,267
abz6,955,85765,200,0.5,300,277
abz6,958,17047,100,0.5,300,1567
abz6,958,17047,100,0.8,300,1577
abz6,958,17047,100,0.9,300,1587
abz6,958,17047,200,0.5,300,1597
abz6,958,20611,100,0.5,300,367
abz6,958,20611,100,0.8,300,377
abz6,958,20611,100,0.9,300,387
abz6,958,20611,200,0.5,300,397
abz6,958,20611,200,0.8,300,407
abz6,958,20611,200,0.9,300,417
abz6,958,223397,200,0.9,300,1497
abz6,958,273009,100,0.5,300,7
abz6,958,273009,100,0.8,300,17
abz6,958,273009,100,0.9,300,27
abz6,958,273009,200,0.5,300,37
abz6,958,367530,100,0.5,300,1627
abz6,958,367530,100,0.8,300,1637
abz6,958,367530,100,0.9,300,1647
abz6,958,367530,200,0.5,300,1657
abz6,958,367530,200,0.8,300,1667
abz6,958,411031,200,0.9,300,597
abz6,958,422159,100,0.5,300,67
abz6,958,422159,100,0.8,300,77
abz6,958,422159,100,0.9,300,87
abz6,958,422159,200,0.5,300,97
abz6,958,422159,200,0.9,300,117
abz6,958,458995,200,0.9,300,1257
abz6,958,470922,200,0.9,300,357
abz6,958,598795,100,0.5,300,967
abz6,958,598795,100,0.8,300,977
abz6,958,598795,100,0.9,300,987
abz6,958,598795,200,0.5,300,997
abz6,958,634044,200,0.9,300,1317
abz6,958,741519,100,0.5,300,1087
abz6,958,741519,100,0.8,300,1097
abz6,958,741519,100,0.9,300,1107
abz6,958,741519,200,0.5,300,1117
abz6,958,757870,100,0.5,300,727
abz6,958,77435,200,0.9,300,177
abz6,958,85765,200,0.9,300,297
abz6,958,873184,200,0.8,300,887
abz6,958,873184,200,0.9,300,897
abz6,958,944889,200,0.8,300,467
abz6,958,944889,200,0.9,300,477
abz6,960,411031,200,0.8,300,587
abz6,960,458995,200,0.8,300,1247
abz6,960,715603,100,0.5,300,1387
abz6,960,715603,100,0.8,300,1397
abz6,960,715603,100,0.9,300,1407
abz6,960,715603,200,0.5,300,1417
abz6,960,715603,200,0.8,300,1427
abz6,960,944889,100,0.5,300,427
abz6,960,944889,100,0.8,300,437
abz6,960,944889,100,0.9,300,447
abz6,960,944889,200,0.5,300,457
abz6,961,454362,200,0.9,300,957
abz6,961,61306,200,0.8,300,827
abz6,961,946303,200,0.9,300,1737
abz6,962,10080,200,0.8,300,707
abz6,962,729981,200,0.9,300,1197
abz6,963,505485,200,0.9,300,1377
abz6,963,958412,200,0.9,300,1557
abz6,964,17047,200,0.8,300,1607
abz6,964,454362,100,0.8,300,917
abz6,964,454362,200,0.5,300,937
abz6,964,454362,200,0.8,300,947
abz6,964,598795,200,0.8,300,1007
abz6,964,61306,100,0.5,300,787
abz6,964,61306,100,0.8,300,797
abz6,964,61306,100,0.9,300,807
abz6,964,61306,200,0.5,300,817
abz6,964,741519,200,0.8,300,1127
abz6,964,873184,100,0.5,300,847
abz6,964,873184,100,0.8,300,857
abz6,964,873184,100,0.9,300,867
abz6,964,873184,200,0.5,300,877
abz6,964,946303,100,0.5,300,1687
abz6,964,946303,100,0.8,300,1697
abz6,964,946303,100,0.9,300,1707
abz6,964,946303,200,0.5,300,1717
abz6,964,946303,200,0.8,300,1727
abz6,964,958412,100,0.5,300,1507
abz6,964,958412,100,0.8,300,1517
abz6,964,958412,100,0.9,300,1527
abz6,964,958412,200,0.5,300,1537
abz6,965,598795,200,0.9,300,1017
abz6,966,411031,100,0.5,300,547
abz6,966,411031,100,0.8,300,557
abz6,966,411031,100,0.9,300,567
abz6,966,470922,200,0.8,300,347
abz6,966,505485,200,0.8,300,1367
abz6,967,10080,100,0.9,300,687
abz6,967,10080,200,0.5,300,697
abz6,967,17047,200,0.9,300,1617
abz6,967,273009,200,0.8,300,47
abz6,967,279019,200,0.9,300,1797
abz6,967,505485,200,0.5,300,1357
abz6,967,61306,200,0.9,300,837
abz6,967,634044,200,0.8,300,1307
abz6,967,757870,100,0.8,300,737
abz6,967,757870,100,0.9,300,747
abz6,967,757870,200,0.5,300,757
abz6,967,958412,200,0.8,300,1547
abz6,969,458995,100,0.5,300,1207
abz6,969,458995,100,0.8,300,1217
abz6,969,458995,100,0.9,300,1227
abz6,969,458995,200,0.5,300,1237
abz6,969,505272,100,0.8,300,497
abz6,969,505272,100,0.9,300,507
abz6,969,505272,200,0.5,300,517
abz6,971,422159,200,0.8,300,107
abz6,971,505272,200,0.8,300,527
abz6,971,505485,100,0.5,300,1327
abz6,971,505485,100,0.8,300,1337
abz6,971,505485,100,0.9,300,1347
abz6,972,10080,100,0.5,300,667
abz6,972,10080,100,0.8,300,677
abz6,976,948152,100,0.5,300,607
abz6,976,948152,100,0.8,300,617
abz6,976,948152,100,0.9,300,627
abz6,976,948152,200,0.5,300,637
abz6,976,948152,200,0.8,300,647
abz6,977,470922,100,0.5,300,307
abz6,977,470922,100,0.8,300,317
abz6,977,470922,100,0.9,300,327
abz6,977,470922,200,0.5,300,337
abz6,978,505272,100,0.5,300,487
abz6,978,948152,200,0.9,300,657
abz7,735,634044,200,0.9,300,1312
abz7,741,422159,200,0.8,300,102
abz7,748,483850,100,0.9,300,202
abz7,748,483850,200,0.5,300,212
abz7,749,470922,200,0.9,300,352
abz7,750,10080,200,0.8,300,702
abz7,751,279019,100,0.5,300,1742
abz7,751,279019,100,0.8,300,1752
abz7,751,279019,100,0.9,300,1762
abz7,751,279019,200,0.5,300,1772
abz7,753,598795,200,0.8,300,1002
abz7,754,505272,200,0.8,300,522
abz7,754,77435,200,0.9,300,172
abz7,755,598795,200,0.9,300,1012
abz7,755,77435,100,0.5,300,122
abz7,755,77435,100,0.8,300,132
abz7,755,77435,100,0.9,300,142
abz7,755,77435,200,0.5,300,152
abz7,756,946303,200,0.8,300,1722
abz7,756,958412,200,0.9,300,1552
abz7,757,948152,200,0.8,300,642
abz7,758,454362,200,0.9,300,952
abz7,758,505485,100,0.5,300,1322
abz7,758,505485,100,0.8,300,1332
abz7,758,505485,100,0.9,300,1342
abz7,758,85765,200,0.9,300,292
abz7,759,367530,200,0.9,300,1672
abz7,759,454362,100,0.9,300,922
abz7,760,10080,200,0.9,300,712
abz7,760,17047,200,0.8,300,1602
abz7,760,20611,200,0.8,300,402
abz7,760,483850,200,0.8,300,222
abz7,760,505272,100,0.5,300,482
abz7,760,505272,100,0.8,300,492
abz7,760,505272,200,0.5,300,512
abz7,760,505485,200,0.8,300,1362
abz7,760,61306,200,0.9,300,832
abz7,760,741519,200,0.8,300,1122
abz7,761,367530,100,0.5,300,1622
abz7,761,367530,100,0.8,300,1632
abz7,761,367530,100,0.9,300,1642
abz7,761,367530,200,0.5,300,1652
abz7,761,464997,100,0.9,300,1042
abz7,761,464997,200,0.5,300,1052
abz7,761,946303,200,0.9,300,1732
abz7,762,20611,200,0.9,300,412
abz7,762,422159,200,0.9,300,112
abz7,762,454362,200,0.8,300,942
abz7,763,10080,100,0.5,300,662
abz7,763,10080,100,0.8,300,672
abz7,763,10080,100,0.9,300,682
abz7,763,10080,200,0.5,300,692
abz7,763,85765,100,0.5,300,242
abz7,763,85765,100,0.8,300,252
abz7,763,85765,100,0.9,300,262
abz7,763,85765,200,0.5,300,272
abz7,764,470922,100,0.9,300,322
abz7,764,470922,200,0.5,300,332
abz7,764,729981,100,0.5,300,1142
abz7,764,729981,100,0.8,300,1152
abz7,764,729981,100,0.9,300,1162
abz7,764,729981,200,0.5,300,1172
abz7,764,729981,200,0.9,300,1192
abz7,765,411031,200,0.9,300,592
abz7,765,483850,100,0.5,300,182
abz7,765,483850,100,0.8,300,192
abz7,765,505485,200,0.9,300,1372
abz7,765,873184,200,0.9,300,892
abz7,765,948152,200,0.9,300,652
abz7,766,422159,100,0.5,300,62
abz7,766,422159,100,0.8,300,72
abz7,766,422159,100,0.9,300,82
abz7,766,422159,200,0.5,300,92
abz7,766,464997,200,0.8,300,1062
abz7,766,741519,100,0.5,300,1082
abz7,766,741519,100,0.8,300,1092
abz7,766,741519,100,0.9,300,1102
abz7,766,944889,200,0.9,300,472
abz7,767,464997,100,0.5,300,1022
abz7,767,464997,100,0.8,300,1032
abz7,767,634044,100,0.5,300,1262
abz7,767,634044,100,0.8,300,1272
abz7,767,634044,100,0.9,300,1282
abz7,767,715603,200,0.8,300,1422
abz7,767,757870,200,0.9,300,772
abz7,767,958412,200,0.8,300,1542
abz7,768,757870,200,0.8,300,762
abz7,769,273009,100,0.5,300,2
abz7,769,273009,100,0.8,300,12
abz7,769,273009,100,0.9,300,22
abz7,769,273009,200,0.5,300,32
abz7,769,273009,200,0.8,300,42
abz7,770,279019,200,0.8,300,1782
abz7,770,454362,100,0.5,300,902
abz7,770,454362,100,0.8,300,912
abz7,770,454362,200,0.5,300,932
abz7,770,458995,100,0.8,300,1212
abz7,770,458995,100,0.9,300,1222
abz7,770,458995,200,0.5,300,1232
abz7,770,483850,200,0.9,300,232
abz7,770,715603,100,0.5,300,1382
abz7,770,715603,100,0.8,300,1392
abz7,770,715603,100,0.9,300,1402
abz7,770,729981,200,0.8,300,1182
abz7,770,944889,200,0.5,300,452
abz7,770,946303,100,0.5,300,1682
abz7,770,946303,100,0.8,300,1692
abz7,770,946303,100,0.9,300,1702
abz7,770,946303,200,0.5,300,1712
abz7,771,715603,200,0.5,300,1412
abz7,771,741519,200,0.9,300,1132
abz7,771,757870,100,0.5,300,722
abz7,771,757870,100,0.8,300,732
abz7,771,757870,100,0.9,300,742
abz7,771,757870,200,0.5,300,752
abz7,771,948152,100,0.5,300,602
abz7,771,948152,100,0.8,300,612
abz7,771,948152,100,0.9,300,622
abz7,771,948152,200,0.5,300,632
abz7,772,273009,200,0.9,300,52
abz7,772,411031,200,0.8,300,582
abz7,772,464997,200,0.9,300,1072
abz7,772,505485,200,0.5,300,1352
abz7,773,85765,200,0.8,300,282
abz7,773,944889,200,0.8,300,462
abz7,774,411031,100,0.5,300,542
abz7,774,411031,100,0.8,300,552
abz7,774,411031,100,0.9,300,562
abz7,774,411031,200,0.5,300,572
abz7,774,458995,100,0.5,300,1202
abz7,774,634044,200,0.5,300,1292
abz7,774,873184,100,0.5,300,842
abz7,774,873184,100,0.8,300,852
abz7,774,873184,100,0.9,300,862
abz7,774,873184,200,0.8,300,882
abz7,775,20611,100,0.5,300,362
abz7,775,20611,100,0.8,300,372
abz7,775,20611,100,0.9,300,382
abz7,775,20611,200,0.5,300,392
abz7,775,77435,200,0.8,300,162
abz7,776,61306,200,0.8,300,822
abz7,776,715603,200,0.9,300,1432
abz7,776,741519,200,0.5,300,1112
abz7,777,17047,200,0.9,300,1612
abz7,777,223397,200,0.8,300,1482
abz7,777,367530,200,0.8,300,1662
abz7,777,505272,100,0.9,300,502
abz7,777,958412,100,0.5,300,1502
abz7,777,958412,100,0.8,300,1512
abz7,777,958412,100,0.9,300,1522
abz7,777,958412,200,0.5,300,1532
abz7,778,470922,100,0.5,300,302
abz7,778,470922,100,0.8,300,312
abz7,780,223397,100,0.5,300,1442
abz7,780,223397,100,0.8,300,1452
abz7,780,223397,100,0.9,300,1462
abz7,780,223397,200,0.5,300,1472
abz7,780,873184,200,0.5,300,872
abz7,781,458995,200,0.9,300,1252
abz7,782,470922,200,0.8,300,342
abz7,782,505272,200,0.9,300,532
abz7,784,17047,100,0.5,300,1562
abz7,784,17047,100,0.8,300,1572
abz7,784,223397,200,0.9,300,1492
abz7,785,598795,100,0.5,300,962
abz7,785,598795,100,0.8,300,972
abz7,786,279019,200,0.9,300,1792
abz7,786,944889,100,0.5,300,422
abz7,786,944889,100,0.8,300,432
abz7,786,944889,100,0.9,300,442
abz7,787,17047,100,0.9,300,1582
abz7,787,17047,200,0.5,300,1592
abz7,787,598795,100,0.9,300,982
abz7,787,598795,200,0.5,300,992
abz7,788,458995,200,0.8,300,1242
abz7,788,634044,200,0.8,300,1302
abz7,794,61306,100,0.5,300,782
abz7,794,61306,100,0.8,300,792
abz7,794,61306,100,0.9,300,802
abz7,794,61306,200,0.5,300,812
abz9,785,944889,100,0.5,300,424
abz9,785,944889,100,0.8,300,434
abz9,785,944889,100,0.9,300,444
abz9,787,948152,200,0.8,300,644
abz9,789,61306,100,0.5,300,784
abz9,789,61306,100,0.8,300,794
abz9,789,61306,100,0.9,300,804
abz9,789,61306,200,0.5,300,814
abz9,791,757870,200,0.8,300,764
abz9,792,505272,200,0.8,300,524
abz9,792,634044,100,0.5,300,1264
abz9,792,634044,100,0.8,300,1274
abz9,792,634044,100,0.9,300,1284
abz9,792,634044,200,0.5,300,1294
abz9,795,454362,100,0.5,300,904
abz9,795,454362,100,0.8,300,914
abz9,795,454362,100,0.9,300,924
abz9,795,454362,200,0.5,300,934
abz9,795,483850,200,0.8,300,224
abz9,795,729981,200,0.9,300,1194
abz9,795,958412,200,0.9,300,1554
abz9,796,279019,200,0.9,300,1794
abz9,796,367530,200,0.8,300,1664
abz9,796,422159,200,0.9,300,114
abz9,797,946303,100,0.5,300,1684
abz9,797,946303,100,0.8,300,1694
abz9,797,946303,100,0.9,300,1704
abz9,797,946303,200,0.5,300,1714
abz9,798,483850,100,0.9,300,204
abz9,799,10080,100,0.5,300,664
abz9,799,10080,100,0.8,300,674
abz9,799,10080,100,0.9,300,684
abz9,799,10080,200,0.5,300,694
abz9,799,223397,200,0.5,300,1474
abz9,799,944889,200,0.8,300,464
abz9,802,422159,200,0.8,300,104
abz9,802,470922,200,0.9,300,354
abz9,802,948152,200,0.9,300,654
abz9,803,458995,100,0.5,300,1204
abz9,803,458995,100,0.8,300,1214
abz9,803,458995,100,0.9,300,1224
abz9,803,458995,200,0.5,300,1234
abz9,803,598795,100,0.9,300,984
abz9,803,598795,200,0.8,300,1004
abz9,804,598795,200,0.9,300,1014
abz9,804,757870,100,0.5,300,724
abz9,804,757870,100,0.8,300,734
abz9,804,757870,100,0.9,300,744
abz9,805,10080,200,0.8,300,704
abz9,806,17047,100,0.5,300,1564
abz9,806,17047,100,0.8,300,1574
abz9,806,17047,100,0.9,300,1584
abz9,806,20611,200,0.9,300,414
abz9,806,223397,200,0.9,300,1494
abz9,806,944889,200,0.9,300,474
abz9,807,279019,200,0.8,300,1784
abz9,807,367530,200,0.9,300,1674
abz9,807,458995,200,0.8,300,1244
abz9,807,505272,200,0.9,300,534
abz9,808,10080,200,0.9,300,714
abz9,808,483850,100,0.5,300,184
abz9,808,483850,100,0.8,300,194
abz9,808,483850,200,0.5,300,214
abz9,808,729981,100,0.5,300,1144
abz9,808,729981,100,0.8,300,1154
abz9,808,729981,100,0.9,300,1164
abz9,808,946303,200,0.9,300,1734
abz9,809,367530,100,0.5,300,1624
abz9,809,367530,100,0.8,300,1634
abz9,809,367530,100,0.9,300,1644
abz9,809,367530,200,0.5,300,1654
abz9,809,729981,200,0.5,300,1174
abz9,809,85765,200,0.8,300,284
abz9,809,944889,200,0.5,300,454
abz9,810,17047,200,0.8,300,1604
abz9,810,873184,200,0.8,300,884
abz9,811,77435,100,0.5,300,124
abz9,811,77435,100,0.8,300,134
abz9,811,77435,100,0.9,300,144
abz9,811,77435,200,0.5,300,154
abz9,811,958412,200,0.8,300,1544
abz9,812,505485,200,0.9,300,1374
abz9,812,741519,100,0.5,300,1084
abz9,812,741519,100,0.8,300,1094
abz9,812,741519,100,0.9,300,1104
abz9,812,741519,200,0.5,300,1114
abz9,812,77435,200,0.9,300,174
abz9,813,273009,100,0.5,300,4
abz9,813,273009,100,0.8,300,14
abz9,813,273009,100,0.9,300,24
abz9,813,273009,200,0.5,300,34
abz9,813,470922,100,0.5,300,304
abz9,813,470922,100,0.8,300,314
abz9,813,470922,100,0.9,300,324
abz9,813,470922,200,0.5,300,334
abz9,813,505272,100,0.5,300,484
abz9,813,505272,100,0.8,300,494
abz9,813,505272,100,0.9,300,504
abz9,813,505272,200,0.5,300,514
abz9,813,634044,200,0.8,300,1304
abz9,814,411031,200,0.9,300,594
abz9,814,454362,200,0.8,300,944
abz9,814,464997,200,0.8,300,1064
abz9,814,505485,200,0.8,300,1364
abz9,814,741519,200,0.9,300,1134
abz9,815,411031,200,0.8,300,584
abz9,815,464997,200,0.9,300,1074
abz9,816,17047,200,0.9,300,1614
abz9,816,454362,200,0.9,300,954
abz9,816,61306,200,0.9,300,834
abz9,816,77435,200,0.8,300,164
abz9,816,948152,100,0.5,300,604
abz9,816,948152,100,0.8,300,614
abz9,816,948152,100,0.9,300,624
abz9,816,948152,200,0.5,300,634
abz9,817,20611,200,0.8,300,404
abz9,817,483850,200,0.9,300,234
abz9,817,85765,100,0.5,300,244
abz9,817,85765,100,0.8,300,254
abz9,817,85765,100,0.9,300,264
abz9,817,85765,200,0.5,300,274
abz9,818,273009,200,0.9,300,54
abz9,819,279019,100,0.5,300,1744
abz9,819,279019,100,0.8,300,1754
abz9,819,279019,100,0.9,300,1764
abz9,819,279019,200,0.5,300,1774
abz9,819,598795,100,0.5,300,964
abz9,819,598795,100,0.8,300,974
abz9,819,598795,200,0.5,300,994
abz9,819,715603,200,0.9,300,1434
abz9,819,946303,200,0.8,300,1724
abz9,820,223397,200,0.8,300,1484
abz9,820,634044,200,0.9,300,1314
abz9,821,17047,200,0.5,300,1594
abz9,821,422159,100,0.5,300,64
abz9,821,422159,100,0.8,300,74
abz9,821,422159,100,0.9,300,84
abz9,821,422159,200,0.5,300,94
abz9,822,470922,200,0.8,300,344
abz9,822,729981,200,0.8,300,1184
abz9,822,741519,200,0.8,300,1124
abz9,823,61306,200,0.8,300,824
abz9,823,757870,200,0.9,300,774
abz9,825,715603,200,0.8,300,1424
abz9,826,411031,100,0.5,300,544
abz9,826,411031,100,0.8,300,554
abz9,826,411031,100,0.9,300,564
abz9,826,411031,200,0.5,300,574
abz9,826,464997,100,0.5,300,1024
abz9,826,464997,100,0.8,300,1034
abz9,826,464997,100,0.9,300,1044
abz9,826,464997,200,0.5,300,1054
abz9,827,20611,100,0.5,300,364
abz9,827,20611,100,0.8,300,374
abz9,827,20611,100,0.9,300,384
abz9,827,20611,200,0.5,300,394
abz9,827,85765,200,0.9,300,294
abz9,827,873184,100,0.5,300,844
abz9,827,873184,100,0.8,300,854
abz9,827,873184,100,0.9,300,864
abz9,827,873184,200,0.5,300,874
abz9,829,223397,100,0.5,300,1444
abz9,829,223397,100,0.8,300,1454
abz9,829,223397,100,0.9,300,1464
abz9,829,273009,200,0.8,300,44
abz9,830,505485,100,0.5,300,1324
abz9,830,505485,100,0.8,300,1334
abz9,830,505485,100,0.9,300,1344
abz9,832,873184,200,0.9,300,894
abz9,833,958412,100,0.5,300,1504
abz9,833,958412,100,0.8,300,1514
abz9,833,958412,100,0.9,300,1524
abz9,833,958412,200,0.5,300,1534
abz9,834,505485,200,0.5,300,1354
abz9,834,757870,200,0.5,300,754
abz9,835,458995,200,0.9,300,1254
abz9,837,715603,100,0.5,300,1384
abz9,837,715603,100,0.8,300,1394
abz9,837,715603,100,0.9,300,1404
abz9,837,715603,200,0.5,300,1414
ft10,1001,367530,200,0.9,300,1671
ft10,1003,505485,200,0.9,300,1371
ft10,1004,464997,100,0.5,300,1021
ft10,1004,464997,100,0.8,300,1031
ft10,1004,464997,100,0.9,300,1041
ft10,1004,464997,200,0.5,300,1051
ft10,1004,85765,100,0.9,300,261
ft10,1004,85765,200,0.5,300,271
ft10,1005,483850,100,0.9,300,201
ft10,1005,483850,200,0.5,300,211
ft10,1005,634044,200,0.9,300,1311
ft10,1006,279019,100,0.5,300,1741
ft10,1006,279019,100,0.8,300,1751
ft10,1006,279019,100,0.9,300,1761
ft10,1006,279019,200,0.5,300,1771
ft10,1006,483850,100,0.5,300,181
ft10,1006,483850,100,0.8,300,191
ft10,962,873184,200,0.8,300,881
ft10,967,411031,100,0.5,300,541
ft10,967,411031,100,0.8,300,551
ft10,967,411031,100,0.9,300,561
ft10,967,411031,200,0.5,300,571
ft10,974,944889,200,0.9,300,471
ft10,974,948152,100,0.5,300,601
ft10,974,948152,100,0.8,300,611
ft10,974,948152,100,0.9,300,621
ft10,974,948152,200,0.5,300,631
ft10,975,729981,200,0.9,300,1191
ft10,976,223397,200,0.8,300,1481
ft10,976,729981,200,0.8,300,1181
ft10,976,757870,100,0.5,300,721
ft10,976,757870,100,0.8,300,731
ft10,976,757870,100,0.9,300,741
ft10,976,757870,200,0.5,300,751
ft10,976,958412,200,0.9,300,1551
ft10,977,20611,200,0.8,300,401
ft10,977,20611,200,0.9,300,411
ft10,977,483850,200,0.9,300,231
ft10,978,10080,200,0.9,300,711
ft10,978,61306,100,0.8,300,791
ft10,978,61306,200,0.5,300,811
ft10,978,61306,200,0.9,300,831
ft10,979,223397,100,0.5,300,1441
ft10,979,223397,100,0.8,300,1451
ft10,979,223397,100,0.9,300,1461
ft10,979,223397,200,0.5,300,1471
ft10,979,273009,100,0.5,300,1
ft10,979,273009,100,0.8,300,11
ft10,979,273009,100,0.9,300,21
ft10,979,273009,200,0.5,300,31
ft10,979,505485,100,0.5,300,1321
ft10,979,505485,100,0.8,300,1331
ft10,979,505485,100,0.9,300,1341
ft10,979,505485,200,0.5,300,1351
ft10,979,77435,100,0.5,300,121
ft10,979,77435,100,0.8,300,131
ft10,979,77435,100,0.9,300,141
ft10,979,77435,200,0.5,300,151
ft10,980,411031,200,0.9,300,591
ft10,980,715603,100,0.5,300,1381
ft10,980,715603,100,0.8,300,1391
ft10,980,715603,100,0.9,300,1401
ft10,980,715603,200,0.5,300,1411
ft10,980,715603,200,0.8,300,1421
ft10,981,20611,100,0.5,300,361
ft10,981,20611,100,0.8,300,371
ft10,981,20611,100,0.9,300,381
ft10,981,20611,200,0.5,300,391
ft10,981,505272,200,0.9,300,531
ft10,981,873184,100,0.5,300,841
ft10,981,873184,100,0.8,300,851
ft10,981,873184,100,0.9,300,861
ft10,981,873184,200,0.5,300,871
ft10,981,873184,200,0.9,300,891
ft10,981,958412,100,0.5,300,1501
ft10,981,958412,100,0.8,300,1511
ft10,981,958412,100,0.9,300,1521
ft10,981,958412,200,0.5,300,1531
ft10,982,273009,200,0.8,300,41
ft10,982,454362,200,0.9,300,951
ft10,982,464997,200,0.9,300,1071
ft10,982,634044,100,0.5,300,1261
ft10,982,634044,100,0.8,300,1271
ft10,982,634044,100,0.9,300,1281
ft10,982,634044,200,0.5,300,1291
ft10,982,729981,100,0.5,300,1141
ft10,982,729981,100,0.8,300,1151
ft10,982,729981,100,0.9,300,1161
ft10,982,729981,200,0.5,300,1171
ft10,982,77435,200,0.9,300,171
ft10,982,85765,200,0.9,300,291
ft10,983,367530,200,0.8,300,1661
ft10,983,422159,200,0.8,300,101
ft10,983,946303,200,0.9,300,1731
ft10,984,273009,200,0.9,300,51
ft10,984,411031,200,0.8,300,581
ft10,984,598795,100,0.5,300,961
ft10,984,598795,100,0.8,300,971
ft10,984,598795,100,0.9,300,981
ft10,984,598795,200,0.5,300,991
ft10,984,948152,200,0.9,300,651
ft10,985,422159,200,0.9,300,111
ft10,986,454362,100,0.8,300,911
ft10,986,454362,200,0.5,300,931
ft10,987,279019,200,0.9,300,1791
ft10,987,505272,200,0.8,300,521
ft10,988,454362,200,0.8,300,941
ft10,988,958412,200,0.8,300,1541
ft10,989,458995,100,0.5,300,1201
ft10,989,458995,100,0.8,300,1211
ft10,989,458995,100,0.9,300,1221
ft10,989,458995,200,0.5,300,1231
ft10,989,458995,200,0.9,300,1251
ft10,989,505485,200,0.8,300,1361
ft10,990,946303,100,0.5,300,1681
ft10,990,946303,100,0.8,300,1691
ft10,990,946303,100,0.9,300,1701
ft10,990,946303,200,0.5,300,1711
ft10,991,279019,200,0.8,300,1781
ft10,991,458995,200,0.8,300,1241
ft10,991,483850,200,0.8,300,221
ft10,991,77435,200,0.8,300,161
ft10,991,948152,200,0.8,300,641
ft10,992,17047,200,0.9,300,1611
ft10,992,422159,100,0.5,300,61
ft10,992,422159,100,0.8,300,71
ft10,992,422159,100,0.9,300,81
ft10,992,422159,200,0.5,300,91
ft10,992,454362,100,0.5,300,901
ft10,992,454362,100,0.9,300,921
ft10,992,470922,100,0.5,300,301
ft10,992,470922,100,0.8,300,311
ft10,992,470922,100,0.9,300,321
ft10,992,470922,200,0.5,300,331
ft10,992,505272,100,0.5,300,481
ft10,992,505272,100,0.8,300,491
ft10,992,505272,100,0.9,300,501
ft10,992,505272,200,0.5,300,511
ft10,992,741519,200,0.9,300,1131
ft10,993,10080,200,0.8,300,701
ft10,993,17047,100,0.8,300,1571
ft10,993,464997,200,0.8,300,1061
ft10,993,470922,200,0.9,300,351
ft10,993,598795,200,0.9,300,1011
ft10,993,944889,100,0.5,300,421
ft10,993,944889,100,0.8,300,431
ft10,993,944889,100,0.9,300,441
ft10,993,944889,200,0.5,300,451
ft10,993,944889,200,0.8,300,461
ft10,994,17047,100,0.5,300,1561
ft10,994,17047,100,0.9,300,1581
ft10,994,17047,200,0.5,300,1591
ft10,994,17047,200,0.8,300,1601
ft10,995,10080,100,0.5,300,661
ft10,995,10080,100,0.8,300,671
ft10,995,10080,100,0.9,300,681
ft10,995,10080,200,0.5,300,691
ft10,995,367530,100,0.5,300,1621
ft10,995,367530,100,0.8,300,1631
ft10,995,367530,100,0.9,300,1641
ft10,995,367530,200,0.5,300,1651
ft10,995,741519,100,0.5,300,1081
ft10,995,741519,100,0.8,300,1091
ft10,995,741519,100,0.9,300,1101
ft10,995,741519,200,0.5,300,1111
ft10,995,741519,200,0.8,300,1121
ft10,995,757870,200,0.8,300,761
ft10,995,85765,200,0.8,300,281
ft10,996,470922,200,0.8,300,341
ft10,996,715603,200,0.9,300,1431
ft10,997,223397,200,0.9,300,1491
ft10,997,598795,200,0.8,300,1001
ft10,997,61306,100,0.5,300,781
ft10,997,61306,100,0.9,300,801
ft10,997,61306,200,0.8,300,821
ft10,997,634044,200,0.8,300,1301
ft10,999,757870,200,0.9,300,771
ft10,999,85765,100,0.5,300,241
ft10,999,85765,100,0.8,300,251
ft10,999,946303,200,0.8,300,1721
ft20,1199,470922,100,0.5,300,303
ft20,1199,470922,100,0.8,300,313
ft20,1199,470922,100,0.9,300,323
ft20,1199,470922,200,0.5,300,333
ft20,1199,470922,200,0.8,300,343
ft20,1205,279019,200,0.9,300,1793
ft20,1211,411031,200,0.8,300,583
ft20,1211,715603,200,0.9,300,1433
ft20,1215,17047,100,0.5,300,1563
ft20,1215,17047,100,0.8,300,1573
ft20,1215,17047,100,0.9,300,1583
ft20,1215,17047,200,0.5,300,1593
ft20,1220,454362,100,0.5,300,903
ft20,1220,454362,100,0.8,300,913
ft20,1220,454362,100,0.9,300,923
ft20,1220,454362,200,0.5,300,933
ft20,1220,454362,200,0.8,300,943
ft20,1220,454362,200,0.9,300,953
ft20,1220,85765,200,0.9,300,293
ft20,1221,10080,100,0.5,300,663
ft20,1221,10080,100,0.8,300,673
ft20,1221,10080,100,0.9,300,683
ft20,1221,10080,200,0.5,300,693
ft20,1221,10080,200,0.8,300,703
ft20,1221,61306,100,0.5,300,783
ft20,1221,61306,100,0.8,300,793
ft20,1221,61306,100,0.9,300,803
ft20,1221,61306,200,0.5,300,813
ft20,1221,61306,200,0.8,300,823
ft20,1221,61306,200,0.9,300,833
ft20,1222,20611,100,0.5,300,363
ft20,1222,20611,100,0.8,300,373
ft20,1222,20611,200,0.8,300,403
ft20,1222,223397,200,0.9,300,1493
ft20,1224,422159,200,0.8,300,103
ft20,1224,634044,200,0.8,300,1303
ft20,1225,17047,200,0.8,300,1603
ft20,1226,741519,100,0.5,300,1083
ft20,1226,741519,100,0.8,300,1093
ft20,1226,741519,100,0.9,300,1103
ft20,1226,741519,200,0.5,300,1113
ft20,1226,741519,200,0.8,300,1123
ft20,1226,741519,200,0.9,300,1133
ft20,1227,223397,100,0.8,300,1453
ft20,1228,77435,200,0.9,300,173
ft20,1230,411031,100,0.5,300,543
ft20,1230,411031,100,0.8,300,553
ft20,1230,411031,100,0.9,300,563
ft20,1230,411031,200,0.5,300,573
ft20,1231,422159,200,0.9,300,113
ft20,1232,483850,200,0.9,300,233
ft20,1232,598795,200,0.8,300,1003
ft20,1233,273009,100,0.5,300,3
ft20,1233,273009,100,0.8,300,13
ft20,1233,273009,100,0.9,300,23
ft20,1233,273009,200,0.5,300,33
ft20,1233,483850,100,0.5,300,183
ft20,1233,483850,100,0.8,300,193
ft20,1233,483850,100,0.9,300,203
ft20,1233,483850,200,0.5,300,213
ft20,1233,483850,200,0.8,300,223
ft20,1233,729981,100,0.5,300,1143
ft20,1233,729981,100,0.8,300,1153
ft20,1233,729981,100,0.9,300,1163
ft20,1233,729981,200,0.5,300,1173
ft20,1233,729981,200,0.8,300,1183
ft20,1234,505485,100,0.5,300,1323
ft20,1234,505485,100,0.8,300,1333
ft20,1234,505485,100,0.9,300,1343
ft20,1234,505485,200,0.5,300,1353
ft20,1234,944889,200,0.8,300,463
ft20,1235,273009,200,0.9,300,53
ft20,1235,279019,100,0.5,300,1743
ft20,1235,279019,100,0.8,300,1753
ft20,1235,279019,100,0.9,300,1763
ft20,1235,279019,200,0.5,300,1773
ft20,1235,505485,200,0.8,300,1363
ft20,1236,873184,100,0.5,300,843
ft20,1236,873184,100,0.8,300,853
ft20,1236,873184,100,0.9,300,863
ft20,1236,873184,200,0.5,300,873
ft20,1236,873184,200,0.9,300,893
ft20,1237,464997,200,0.9,300,1073
ft20,1237,505272,100,0.5,300,483
ft20,1237,505272,100,0.8,300,493
ft20,1237,505272,100,0.9,300,503
ft20,1237,505272,200,0.5,300,513
ft20,1237,505272,200,0.8,300,523
ft20,1237,634044,100,0.5,300,1263
ft20,1238,729981,200,0.9,300,1193
ft20,1238,946303,200,0.9,300,1733
ft20,1239,10080,200,0.9,300,713
ft20,1239,458995,100,0.5,300,1203
ft20,1239,458995,100,0.8,300,1213
ft20,1239,458995,100,0.9,300,1223
ft20,1239,458995,200,0.5,300,1233
ft20,1239,944889,200,0.9,300,473
ft20,1239,948152,100,0.5,300,603
ft20,1239,948152,100,0.8,300,613
ft20,1239,948152,100,0.9,300,623
ft20,1239,948152,200,0.5,300,633
ft20,1239,948152,200,0.8,300,643
ft20,1240,273009,200,0.8,300,43
ft20,1240,948152,200,0.9,300,653
ft20,1241,17047,200,0.9,300,1613
ft20,1241,458995,200,0.8,300,1243
ft20,1242,77435,100,0.5,300,123
ft20,1242,77435,100,0.8,300,133
ft20,1242,77435,100,0.9,300,143
ft20,1242,77435,200,0.5,300,153
ft20,1242,77435,200,0.8,300,163
ft20,1243,944889,100,0.5,300,423
ft20,1243,944889,100,0.8,300,433
ft20,1243,944889,100,0.9,300,443
ft20,1243,944889,200,0.5,300,453
ft20,1243,946303,100,0.5,300,1683
ft20,1243,946303,100,0.8,300,1693
ft20,1243,946303,100,0.9,300,1703
ft20,1243,946303,200,0.5,300,1713
ft20,1244,223397,200,0.8,300,1483
ft20,1244,715603,200,0.8,300,1423
ft20,1244,757870,200,0.9,300,773
ft20,1246,279019,200,0.8,300,1783
ft20,1246,422159,100,0.5,300,63
ft20,1246,422159,100,0.8,300,73
ft20,1246,422159,100,0.9,300,83
ft20,1246,422159,200,0.5,300,93
ft20,1247,464997,100,0.5,300,1023
ft20,1247,464997,100,0.8,300,1033
ft20,1247,464997,100,0.9,300,1043
ft20,1247,464997,200,0.5,300,1053
ft20,1247,464997,200,0.8,300,1063
ft20,1247,470922,200,0.9,300,353
ft20,1248,411031,200,0.9,300,593
ft20,1248,505272,200,0.9,300,533
ft20,1248,715603,100,0.5,300,1383
ft20,1248,715603,100,0.8,300,1393
ft20,1248,715603,100,0.9,300,1403
ft20,1248,715603,200,0.5,300,1413
ft20,1249,458995,200,0.9,300,1253
ft20,1249,85765,100,0.5,300,243
ft20,1249,85765,100,0.8,300,253
ft20,1249,85765,100,0.9,300,263
ft20,1249,85765,200,0.5,300,273
ft20,1249,85765,200,0.8,300,283
ft20,1251,598795,200,0.9,300,1013
ft20,1251,634044,100,0.8,300,1273
ft20,1251,634044,100,0.9,300,1283
ft20,1251,634044,200,0.5,300,1293
ft20,1251,958412,200,0.9,300,1553
ft20,1252,598795,100,0.5,300,963
ft20,1252,598795,100,0.8,300,973
ft20,1252,598795,100,0.9,300,983
ft20,1252,598795,200,0.5,300,993
ft20,1252,958412,100,0.5,300,1503
ft20,1252,958412,100,0.8,300,1513
ft20,1252,958412,100,0.9,300,1523
ft20,1252,958412,200,0.5,300,1533
ft20,1252,958412,200,0.8,300,1543
ft20,1253,873184,200,0.8,300,883
ft20,1254,223397,100,0.5,300,1443
ft20,1254,223397,100,0.9,300,1463
ft20,1254,223397,200,0.5,300,1473
ft20,1254,634044,200,0.9,300,1313
ft20,1254,757870,100,0.5,300,723
ft20,1254,757870,100,0.8,300,733
ft20,1254,757870,100,0.9,300,743
ft20,1254,757870,200,0.5,300,753
ft20,1254,757870,200,0.8,300,763
ft20,1255,367530,200,0.9,300,1673
ft20,1258,20611,200,0.9,300,413
ft20,1259,367530,100,0.5,300,1623
ft20,1259,367530,100,0.8,300,1633
ft20,1259,367530,100,0.9,300,1643
ft20,1259,367530,200,0.5,300,1653
ft20,1259,367530,200,0.8,300,1663
ft20,1260,946303,200,0.8,300,1723
ft20,1266,505485,200,0.9,300,1373
ft20,1278,20611,100,0.9,300,383
ft20,1278,20611,200,0.5,300,393
la01,666,10080,100,0.5,300,670
la01,666,10080,100,0.8,300,680
la01,666,10080,100,0.9,300,690
la01,666,10080,200,0.5,300,700
la01,666,10080,200,0.8,300,710
la01,666,10080,200,0.9,300,720
la01,666,17047,100,0.5,300,1570
la01,666,17047,100,0.8,300,1580
la01,666,17047,100,0.9,300,1590
la01,666,17047,200,0.5,300,1600
la01,666,17047,200,0.8,300,1610
la01,666,17047,200,0.9,300,1620
la01,666,20611,100,0.5,300,370
la01,666,20611,100,0.8,300,380
la01,666,20611,100,0.9,300,390
la01,666,20611,200,0.5,300,400
la01,666,20611,200,0.8,300,410
la01,666,20611,200,0.9,300,420
la01,666,223397,100,0.5,300,1450
la01,666,223397,100,0.8,300,1460
la01,666,223397,100,0.9,300,1470
la01,666,223397,200,0.5,300,1480
la01,666,223397,200,0.8,300,1490
la01,666,223397,200,0.9,300,1500
la01,666,273009,100,0.5,300,10
la01,666,273009,100,0.8,300,20
la01,666,273009,100,0.9,300,30
la01,666,273009,200,0.5,300,40
la01,666,273009,200,0.8,300,50
la01,666,273009,200,0.9,300,60
la01,666,279019,100,0.5,300,1750
la01,666,279019,100,0.8,300,1760
la01,666,279019,100,0.9,300,1770
la01,666,279019,200,0.5,300,1780
la01,666,279019,200,0.8,300,1790
la01,666,279019,200,0.9,300,1800
la01,666,367530,100,0.5,300,1630
la01,666,367530,100,0.8,300,1640
la01,666,367530,100,0.9,300,1650
la01,666,367530,200,0.5,300,1660
la01,666,367530,200,0.8,300,1670
la01,666,367530,200,0.9,300,1680
la01,666,411031,100,0.5,300,550
la01,666,411031,100,0.8,300,560
la01,666,411031,100,0.9,300,570
la01,666,411031,200,0.5,300,580
la01,666,411031,200,0.8,300,590
la01,666,411031,200,0.9,300,600
la01,666,422159,100,0.5,300,70
la01,666,422159,100,0.8,300,80
la01,666,422159,100,0.9,300,90
la01,666,422159,200,0.5,300,100
la01,666,422159,200,0.8,300,110
la01,666,422159,200,0.9,300,120
la01,666,454362,100,0.5,300,910
la01,666,454362,100,0.8,300,920
la01,666,454362,100,0.9,300,930
la01,666,454362,200,0.5,300,940
la01,666,454362,200,0.8,300,950
la01,666,454362,200,0.9,300,960
la01,666,458995,100,0.5,300,1210
la01,666,458995,100,0.8,300,1220
la01,666,458995,100,0.9,300,1230
la01,666,458995,200,0.5,300,1240
la01,666,458995,200,0.8,300,1250
la01,666,458995,200,0.9,300,1260
la01,666,464997,100,0.5,300,1030
la01,666,464997,100,0.8,300,1040
la01,666,464997,100,0.9,300,1050
la01,666,464997,200,0.5,300,1060
la01,666,464997,200,0.8,300,1070
la01,666,464997,200,0.9,300,1080
la01,666,470922,100,0.5,300,310
la01,666,470922,100,0.8,300,320
la01,666,470922,100,0.9,300,330
la01,666,470922,200,0.5,300,340
la01,666,470922,200,0.8,300,350
la01,666,470922,200,0.9,300,360
la01,666,483850,100,0.5,300,190
la01,666,483850,100,0.8,300,200
la01,666,483850,100,0.9,300,210
la01,666,483850,200,0.5,300,220
la01,666,483850,200,0.8,300,230
la01,666,483850,200,0.9,300,240
la01,666,505272,100,0.5,300,490
la01,666,505272,100,0.8,300,500
la01,666,505272,100,0.9,300,510
la01,666,505272,200,0.5,300,520
la01,666,505272,200,0.8,300,530
la01,666,505272,200,0.9,300,540
la01,666,505485,100,0.5,300,1330
la01,666,505485,100,0.8,300,1340
la01,666,505485,100,0.9,300,1350
la01,666,505485,200,0.5,300,1360
la01,666,505485,200,0.8,300,1370
la01,666,505485,200,0.9,300,1380
la01,666,598795,100,0.5,300,970
la01,666,598795,100,0.8,300,980
la01,666,598795,100,0.9,300,990
la01,666,598795,200,0.5,300,1000
la01,666,598795,200,0.8,300,1010
la01,666,598795,200,0.9,300,1020
la01,666,61306,100,0.5,300,790
la01,666,61306,100,0.8,300,800
la01,666,61306,100,0.9,300,810
la01,666,61306,200,0.5,300,820
la01,666,61306,200,0.8,300,830
la01,666,61306,200,0.9,300,840
la01,666,634044,100,0.5,300,1270
la01,666,634044,100,0.8,300,1280
la01,666,634044,100,0.9,300,1290
la01,666,634044,200,0.5,300,1300
la01,666,634044,200,0.8,300,1310
la01,666,634044,200,0.9,300,1320
la01,666,715603,100,0.5,300,1390
la01,666,715603,100,0.8,300,1400
la01,666,715603,100,0.9,300,1410
la01,666,715603,200,0.5,300,1420
la01,666,715603,200,0.8,300,1430
la01,666,715603,200,0.9,300,1440
la01,666,729981,100,0.5,300,1150
la01,666,729981,100,0.8,300,1160
la01,666,729981,100,0.9,300,1170
la01,666,729981,200,0.5,300,1180
la01,666,729981,200,0.8,300,1190
la01,666,729981,200,0.9,300,1200
la01,666,741519,100,0.5,300,1090
la01,666,741519,100,0.8,300,1100
la01,666,741519,100,0.9,300,1110
la01,666,741519,200,0.5,300,1120
la01,666,741519,200,0.8,300,1130
la01,666,741519,200,0.9,300,1140
la01,666,757870,100,0.5,300,730
la01,666,757870,100,0.8,300,740
la01,666,757870,100,0.9,300,750
la01,666,757870,200,0.5,300,760
la01,666,757870,200,0.8,300,770
la01,666,757870,200,0.9,300,780
la01,666,77435,100,0.5,300,130
la01,666,77435,100,0.8,300,140
la01,666,77435,100,0.9,300,150
la01,666,77435,200,0.5,300,160
la01,666,77435,200,0.8,300,170
la01,666,77435,200,0.9,300,180
la01,666,85765,100,0.5,300,250
la01,666,85765,100,0.8,300,260
la01,666,85765,100,0.9,300,270
la01,666,85765,200,0.5,300,280
la01,666,85765,200,0.8,300,290
la01,666,85765,200,0.9,300,300
la01,666,873184,100,0.5,300,850
la01,666,873184,100,0.8,300,860
la01,666,873184,100,0.9,300,870
la01,666,873184,200,0.5,300,880
la01,666,873184,200,0.8,300,890
la01,666,873184,200,0.9,300,900
la01,666,944889,100,0.5,300,430
la01,666,944889,100,0.8,300,440
la01,666,944889,100,0.9,300,450
la01,666,944889,200,0.5,300,460
la01,666,944889,200,0.8,300,470
la01,666,944889,200,0.9,300,480
la01,666,946303,100,0.5,300,1690
la01,666,946303,100,0.8,300,1700
la01,666,946303,100,0.9,300,1710
la01,666,946303,200,0.5,300,1720
la01,666,946303,200,0.8,300,1730
la01,666,946303,200,0.9,300,1740
la01,666,948152,100,0.5,300,610
la01,666,948152,100,0.8,300,620
la01,666,948152,100,0.9,300,630
la01,666,948152,200,0.5,300,640
la01,666,948152,200,0.8,300,650
la01,666,948152,200,0.9,300,660
la01,666,958412,100,0.5,300,1510
la01,666,958412,100,0.8,300,1520
la01,666,958412,100,0.9,300,1530
la01,666,958412,200,0.5,300,1540
la01,666,958412,200,0.8,300,1550
la01,666,958412,200,0.9,300,1560
la02,655,10080,100,0.9,300,688
la02,655,10080,200,0.5,300,698
la02,655,10080,200,0.8,300,708
la02,655,10080,200,0.9,300,718
la02,655,17047,100,0.5,300,1568
la02,655,17047,100,0.8,300,1578
la02,655,17047,200,0.9,300,1618
la02,655,20611,100,0.5,300,368
la02,655,20611,100,0.8,300,378
la02,655,20611,100,0.9,300,388
la02,655,20611,200,0.5,300,398
la02,655,20611,200,0.8,300,408
la02,655,20611,200,0.9,300,418
la02,655,223397,200,0.8,300,1488
la02,655,273009,100,0.5,300,8
la02,655,273009,100,0.8,300,18
la02,655,273009,100,0.9,300,28
la02,655,273009,200,0.8,300,48
la02,655,273009,200,0.9,300,58
la02,655,279019,100,0.9,300,1768
la02,655,279019,200,0.5,300,1778
la02,655,279019,200,0.8,300,1788
la02,655,279019,200,0.9,300,1798
la02,655,367530,100,0.5,300,1628
la02,655,367530,100,0.8,300,1638
la02,655,367530,100,0.9,300,1648
la02,655,367530,200,0.5,300,1658
la02,655,367530,200,0.8,300,1668
la02,655,367530,200,0.9,300,1678
la02,655,411031,100,0.5,300,548
la02,655,411031,100,0.8,300,558
la02,655,411031,100,0.9,300,568
la02,655,411031,200,0.5,300,578
la02,655,411031,200,0.8,300,588
la02,655,411031,200,0.9,300,598
la02,655,422159,200,0.8,300,108
la02,655,422159,200,0.9,300,118
la02,655,454362,100,0.5,300,908
la02,655,454362,100,0.8,300,918
la02,655,454362,200,0.8,300,948
la02,655,454362,200,0.9,300,958
la02,655,458995,100,0.5,300,1208
la02,655,458995,100,0.8,300,1218
la02,655,458995,200,0.8,300,1248
la02,655,458995,200,0.9,300,1258
la02,655,464997,100,0.5,300,1028
la02,655,464997,100,0.8,300,1038
la02,655,464997,100,0.9,300,1048
la02,655,464997,200,0.5,300,1058
la02,655,464997,200,0.8,300,1068
la02,655,464997,200,0.9,300,1078
la02,655,470922,100,0.5,300,308
la02,655,470922,100,0.8,300,318
la02,655,470922,100,0.9,300,328
la02,655,470922,200,0.5,300,338
la02,655,470922,200,0.9,300,358
la02,655,483850,100,0.5,300,188
la02,655,483850,100,0.8,300,198
la02,655,483850,100,0.9,300,208
la02,655,483850,200,0.5,300,218
la02,655,483850,200,0.8,300,228
la02,655,483850,200,0.9,300,238
la02,655,505272,200,0.8,300,528
la02,655,505272,200,0.9,300,538
la02,655,505485,200,0.5,300,1358
la02,655,505485,200,0.8,300,1368
la02,655,505485,200,0.9,300,1378
la02,655,598795,100,0.8,300,978
la02,655,598795,100,0.9,300,988
la02,655,598795,200,0.5,300,998
la02,655,598795,200,0.8,300,1008
la02,655,61306,100,0.5,300,788
la02,655,61306,100,0.8,300,798
la02,655,61306,100,0.9,300,808
la02,655,61306,200,0.5,300,818
la02,655,61306,200,0.8,300,828
la02,655,634044,200,0.8,300,1308
la02,655,634044,200,0.9,300,1318
la02,655,715603,100,0.5,300,1388
la02,655,715603,100,0.8,300,1398
la02,655,715603,100,0.9,300,1408
la02,655,715603,200,0.5,300,1418
la02,655,715603,200,0.8,300,1428
la02,655,729981,100,0.5,300,1148
la02,655,729981,100,0.8,300,1158
la02,655,729981,100,0.9,300,1168
la02,655,729981,200,0.5,300,1178
la02,655,729981,200,0.8,300,1188
la02,655,729981,200,0.9,300,1198
la02,655,741519,100,0.5,300,1088
la02,655,741519,100,0.8,300,1098
la02,655,741519,100,0.9,300,1108
la02,655,741519,200,0.5,300,1118
la02,655,741519,200,0.9,300,1138
la02,655,757870,100,0.5,300,728
la02,655,757870,100,0.8,300,738
la02,655,757870,100,0.9,300,748
la02,655,757870,200,0.5,300,758
la02,655,757870,200,0.9,300,778
la02,655,85765,100,0.5,300,248
la02,655,85765,100,0.8,300,258
la02,655,85765,100,0.9,300,268
la02,655,85765,200,0.5,300,278
la02,655,85765,200,0.8,300,288
la02,655,85765,200,0.9,300,298
la02,655,873184,100,0.9,300,868
la02,655,873184,200,0.5,300,878
la02,655,873184,200,0.8,300,888
la02,655,873184,200,0.9,300,898
la02,655,944889,100,0.5,300,428
la02,655,944889,100,0.8,300,438
la02,655,944889,100,0.9,300,448
la02,655,944889,200,0.5,300,458
la02,655,944889,200,0.8,300,468
la02,655,944889,200,0.9,300,478
la02,655,946303,100,0.5,300,1688
la02,655,946303,100,0.8,300,1698
la02,655,946303,100,0.9,300,1708
la02,655,946303,200,0.5,300,1718
la02,655,946303,200,0.9,300,1738
la02,655,948152,100,0.5,300,608
la02,655,948152,100,0.8,300,618
la02,655,948152,100,0.9,300,628
la02,655,948152,200,0.5,300,638
la02,655,948152,200,0.8,300,648
la02,655,948152,200,0.9,300,658
la02,656,470922,200,0.8,300,348
la02,656,505272,200,0.5,300,518
la02,656,598795,200,0.9,300,1018
la02,656,946303,200,0.8,300,1728
la02,657,10080,100,0.5,300,668
la02,657,10080,100,0.8,300,678
la02,657,223397,100,0.5,300,1448
la02,657,505272,100,0.5,300,488
la02,657,598795,100,0.5,300,968
la02,657,634044,100,0.9,300,1288
la02,657,757870,200,0.8,300,768
la02,658,17047,200,0.8,300,1608
la02,658,273009,200,0.5,300,38
la02,658,279019,100,0.5,300,1748
la02,658,279019,100,0.8,300,1758
la02,658,422159,200,0.5,300,98
la02,658,454362,100,0.9,300,928
la02,658,61306,200,0.9,300,838
la02,658,634044,100,0.5,300,1268
la02,658,634044,100,0.8,300,1278
la02,658,634044,200,0.5,300,1298
la02,658,715603,200,0.9,300,1438
la02,658,77435,100,0.5,300,128
la02,658,77435,100,0.8,300,138
la02,658,77435,100,0.9,300,148
la02,658,77435,200,0.5,300,158
la02,658,77435,200,0.8,300,168
la02,658,77435,200,0.9,300,178
la02,658,873184,100,0.5,300,848
la02,658,873184,100,0.8,300,858
la02,658,958412,200,0.9,300,1558
la02,659,958412,200,0.8,300,1548
la02,660,223397,200,0.9,300,1498
la02,660,422159,100,0.5,300,68
la02,660,422159,100,0.9,300,88
la02,660,458995,200,0.5,300,1238
la02,660,505272,100,0.8,300,498
la02,660,505272,100,0.9,300,508
la02,660,741519,200,0.8,300,1128
la02,661,422159,100,0.8,300,78
la02,662,17047,200,0.5,300,1598
la02,663,17047,100,0.9,300,1588
la02,663,223397,100,0.8,300,1458
la02,663,223397,100,0.9,300,1468
la02,663,454362,200,0.5,300,938
la02,663,458995,100,0.9,300,1228
la02,663,958412,100,0.5,300,1508
la02,663,958412,100,0.8,300,1518
la02,663,958412,200,0.5,300,1538
la02,664,505485,100,0.9,300,1348
la02,664,958412,100,0.9,300,1528
la02,665,223397,200,0.5,300,1478
la02,666,505485,100,0.5,300,1328
la02,666,505485,100,0.8,300,1338
la03,597,10080,200,0.8,300,706
la03,597,223397,100,0.5,300,1446
la03,597,223397,100,0.8,300,1456
la03,597,273009,200,0.5,300,36
la03,597,454362,100,0.5,300,906
la03,597,454362,100,0.8,300,916
la03,597,464997,200,0.9,300,1076
la03,597,61306,100,0.8,300,796
la03,597,61306,100,0.9,300,806
la03,597,61306,200,0.5,300,816
la03,597,729981,200,0.8,300,1186
la03,597,757870,200,0.8,300,766
la03,597,873184,200,0.9,300,896
la03,599,505272,100,0.5,300,486
la03,599,505272,200,0.5,300,516
la03,599,946303,100,0.5,300,1686
la03,599,946303,100,0.8,300,1696
la03,599,946303,100,0.9,300,1706
la03,603,20611,200,0.9,300,416
la03,603,411031,100,0.5,300,546
la03,603,411031,100,0.8,300,556
la03,603,411031,200,0.5,300,576
la03,603,483850,200,0.8,300,226
la03,603,505272,100,0.9,300,506
la03,603,505272,200,0.9,300,536
la03,603,505485,200,0.9,300,1376
la03,603,61306,100,0.5,300,786
la03,603,634044,200,0.8,300,1306
la03,603,715603,200,0.9,300,1436
la03,603,729981,200,0.9,300,1196
la03,603,741519,200,0.5,300,1116
la03,603,757870,200,0.9,300,776
la03,603,944889,100,0.9,300,446
la03,603,944889,200,0.9,300,476
la03,603,948152,200,0.8,300,646
la03,604,10080,200,0.9,300,716
la03,604,17047,100,0.5,300,1566
la03,604,17047,200,0.5,300,1596
la03,604,17047,200,0.8,300,1606
la03,604,20611,200,0.8,300,406
la03,604,223397,100,0.9,300,1466
la03,604,279019,200,0.5,300,1776
la03,604,279019,200,0.9,300,1796
la03,604,411031,100,0.9,300,566
la03,604,411031,200,0.9,300,596
la03,604,422159,200,0.8,300,106
la03,604,422159,200,0.9,300,116
la03,604,454362,200,0.8,300,946
la03,604,454362,200,0.9,300,956
la03,604,458995,100,0.5,300,1206
la03,604,458995,100,0.8,300,1216
la03,604,458995,100,0.9,300,1226
la03,604,458995,200,0.5,300,1236
la03,604,458995,200,0.9,300,1256
la03,604,464997,100,0.5,300,1026
la03,604,464997,100,0.8,300,1036
la03,604,464997,100,0.9,300,1046
la03,604,470922,100,0.9,300,326
la03,604,470922,200,0.9,300,356
la03,604,483850,200,0.9,300,236
la03,604,505485,100,0.5,300,1326
la03,604,505485,100,0.8,300,1336
la03,604,505485,200,0.5,300,1356
la03,604,598795,100,0.5,300,966
la03,604,598795,100,0.8,300,976
la03,604,598795,200,0.8,300,1006
la03,604,598795,200,0.9,300,1016
la03,604,61306,200,0.9,300,836
la03,604,634044,100,0.5,300,1266
la03,604,634044,100,0.8,300,1276
la03,604,634044,100,0.9,300,1286
la03,604,634044,200,0.5,300,1296
la03,604,634044,200,0.9,300,1316
la03,604,715603,200,0.5,300,1416
la03,604,729981,100,0.5,300,1146
la03,604,729981,100,0.8,300,1156
la03,604,729981,200,0.5,300,1176
la03,604,741519,100,0.9,300,1106
la03,604,741519,200,0.8,300,1126
la03,604,741519,200,0.9,300,1136
la03,604,77435,100,0.5,300,126
la03,604,77435,100,0.8,300,136
la03,604,77435,100,0.9,300,146
la03,604,77435,200,0.5,300,156
la03,604,85765,100,0.5,300,246
la03,604,85765,100,0.8,300,256
la03,604,85765,100,0.9,300,266
la03,604,85765,200,0.5,300,276
la03,604,85765,200,0.9,300,296
la03,604,873184,100,0.5,300,846
la03,604,873184,100,0.8,300,856
la03,604,873184,100,0.9,300,866
la03,604,944889,100,0.5,300,426
la03,604,944889,100,0.8,300,436
la03,604,944889,200,0.5,300,456
la03,604,944889,200,0.8,300,466
la03,604,946303,200,0.5,300,1716
la03,604,946303,200,0.9,300,1736
la03,604,948152,200,0.5,300,636
la03,604,948152,200,0.9,300,656
la03,604,958412,200,0.8,300,1546
la03,604,958412,200,0.9,300,1556
la03,605,10080,100,0.5,300,666
la03,605,223397,200,0.5,300,1476
la03,605,223397,200,0.9,300,1496
la03,605,273009,100,0.5,300,6
la03,605,273009,200,0.8,300,46
la03,605,279019,200,0.8,300,1786
la03,605,367530,100,0.9,300,1646
la03,605,367530,200,0.5,300,1656
la03,605,454362,200,0.5,300,936
la03,605,458995,200,0.8,300,1246
la03,605,715603,200,0.8,300,1426
la03,605,741519,100,0.5,300,1086
la03,605,873184,200,0.8,300,886
la03,606,10080,100,0.8,300,676
la03,606,10080,100,0.9,300,686
la03,606,17047,100,0.8,300,1576
la03,606,17047,100,0.9,300,1586
la03,606,17047,200,0.9,300,1616
la03,606,273009,100,0.8,300,16
la03,606,273009,100,0.9,300,26
la03,606,273009,200,0.9,300,56
la03,606,367530,200,0.9,300,1676
la03,606,470922,100,0.8,300,316
la03,606,470922,200,0.5,300,336
la03,606,470922,200,0.8,300,346
la03,606,483850,100,0.5,300,186
la03,606,483850,100,0.8,300,196
la03,606,483850,200,0.5,300,216
la03,606,505272,200,0.8,300,526
la03,606,505485,100,0.9,300,1346
la03,606,715603,100,0.5,300,1386
la03,606,715603,100,0.8,300,1396
la03,606,715603,100,0.9,300,1406
la03,606,729981,100,0.9,300,1166
la03,606,757870,100,0.8,300,736
la03,606,757870,100,0.9,300,746
la03,606,77435,200,0.8,300,166
la03,606,946303,200,0.8,300,1726
la03,606,948152,100,0.5,300,606
la03,606,948152,100,0.8,300,616
la03,606,958412,100,0.5,300,1506
la03,606,958412,100,0.8,300,1516
la03,606,958412,100,0.9,300,1526
la03,606,958412,200,0.5,300,1536
la03,608,367530,100,0.5,300,1626
la03,608,464997,200,0.8,300,1066
la03,608,757870,200,0.5,300,756
la03,608,873184,200,0.5,300,876
la03,611,20611,100,0.5,300,366
la03,611,20611,100,0.8,300,376
la03,613,10080,200,0.5,300,696
la03,613,20611,100,0.9,300,386
la03,613,20611,200,0.5,300,396
la03,613,223397,200,0.8,300,1486
la03,613,279019,100,0.5,300,1746
la03,613,279019,100,0.8,300,1756
la03,613,279019,100,0.9,300,1766
la03,613,454362,100,0.9,300,926
la03,613,464997,200,0.5,300,1056
la03,613,470922,100,0.5,300,306
la03,613,483850,100,0.9,300,206
la03,613,505272,100,0.8,300,496
la03,613,505485,200,0.8,300,1366
la03,613,598795,100,0.9,300,986
la03,613,598795,200,0.5,300,996
la03,613,741519,100,0.8,300,1096
la03,613,757870,100,0.5,300,726
la03,613,77435,200,0.9,300,176
la03,613,948152,100,0.9,300,626
la03,614,367530,100,0.8,300,1636
la03,614,422159,100,0.5,300,66
la03,614,422159,100,0.8,300,76
la03,614,422159,100,0.9,300,86
la03,614,85765,200,0.8,300,286
la03,617,367530,200,0.8,300,1666
la03,617,411031,200,0.8,300,586
la03,617,422159,200,0.5,300,96
la03,617,61306,200,0.8,300,826
la04,590,10080,100,0.5,300,665
la04,590,10080,100,0.9,300,685
la04,590,10080,200,0.8,300,705
la04,590,10080,200,0.9,300,715
la04,590,17047,200,0.8,300,1605
la04,590,17047,200,0.9,300,1615
la04,590,20611,200,0.5,300,395
la04,590,223397,200,0.9,300,1495
la04,590,273009,100,0.9,300,25
la04,590,273009,200,0.8,300,45
la04,590,279019,100,0.5,300,1745
la04,590,279019,200,0.5,300,1775
la04,590,279019,200,0.8,300,1785
la04,590,367530,200,0.9,300,1675
la04,590,411031,100,0.5,300,545
la04,590,411031,100,0.8,300,555
la04,590,411031,100,0.9,300,565
la04,590,411031,200,0.5,300,575
la04,590,411031,200,0.8,300,585
la04,590,411031,200,0.9,300,595
la04,590,422159,100,0.5,300,65
la04,590,422159,100,0.8,300,75
la04,590,422159,100,0.9,300,85
la04,590,422159,200,0.5,300,95
la04,590,422159,200,0.9,300,115
la04,590,454362,100,0.5,300,905
la04,590,454362,100,0.8,300,915
la04,590,454362,200,0.9,300,955
la04,590,458995,100,0.5,300,1205
la04,590,458995,100,0.8,300,1215
la04,590,458995,100,0.9,300,1225
la04,590,458995,200,0.8,300,1245
la04,590,458995,200,0.9,300,1255
la04,590,464997,200,0.8,300,1065
la04,590,464997,200,0.9,300,1075
la04,590,470922,100,0.9,300,325
la04,590,470922,200,0.9,300,355
la04,590,483850,100,0.9,300,205
la04,590,483850,200,0.5,300,215
la04,590,483850,200,0.8,300,225
la04,590,483850,200,0.9,300,235
la04,590,505272,100,0.5,300,485
la04,590,505272,100,0.8,300,495
la04,590,505272,100,0.9,300,505
la04,590,505272,200,0.5,300,515
la04,590,505272,200,0.9,300,535
la04,590,505485,100,0.5,300,1325
la04,590,505485,100,0.8,300,1335
la04,590,505485,100,0.9,300,1345
la04,590,505485,200,0.5,300,1355
la04,590,505485,200,0.9,300,1375
la04,590,598795,100,0.9,300,985
la04,590,598795,200,0.9,300,1015
la04,590,61306,100,0.9,300,805
la04,590,61306,200,0.8,300,825
la04,590,61306,200,0.9,300,835
la04,590,634044,100,0.5,300,1265
la04,590,634044,100,0.8,300,1275
la04,590,634044,200,0.5,300,1295
la04,590,715603,100,0.9,300,1405
la04,590,729981,200,0.9,300,1195
la04,590,741519,100,0.9,300,1105
la04,590,741519,200,0.9,300,1135
la04,590,757870,200,0.8,300,765
la04,590,757870,200,0.9,300,775
la04,590,77435,200,0.5,300,155
la04,590,77435,200,0.8,300,165
la04,590,77435,200,0.9,300,175
la04,590,85765,100,0.5,300,245
la04,590,85765,100,0.8,300,255
la04,590,873184,100,0.9,300,865
la04,590,873184,200,0.5,300,875
la04,590,944889,200,0.8,300,465
la04,590,946303,100,0.5,300,1685
la04,590,946303,100,0.8,300,1695
la04,590,946303,200,0.9,300,1735
la04,590,948152,100,0.9,300,625
la04,590,948152,200,0.9,300,655
la04,590,958412,100,0.5,300,1505
la04,590,958412,100,0.8,300,1515
la04,590,958412,100,0.9,300,1525
la04,590,958412,200,0.5,300,1535
la04,590,958412,200,0.8,300,1545
la04,590,958412,200,0.9,300,1555
la04,591,20611,100,0.5,300,365
la04,591,20611,100,0.8,300,375
la04,591,20611,100,0.9,300,385
la04,592,729981,100,0.9,300,1165
la04,593,10080,100,0.8,300,675
la04,593,10080,200,0.5,300,695
la04,593,17047,100,0.8,300,1575
la04,593,17047,100,0.9,300,1585
la04,593,17047,200,0.5,300,1595
la04,593,20611,200,0.8,300,405
la04,593,20611,200,0.9,300,415
la04,593,223397,200,0.5,300,1475
la04,593,223397,200,0.8,300,1485
la04,593,273009,100,0.5,300,5
la04,593,273009,100,0.8,300,15
la04,593,273009,200,0.9,300,55
la04,593,279019,100,0.9,300,1765
la04,593,279019,200,0.9,300,1795
la04,593,367530,100,0.5,300,1625
la04,593,367530,100,0.8,300,1635
la04,593,454362,100,0.9,300,925
la04,593,454362,200,0.5,300,935
la04,593,458995,200,0.5,300,1235
la04,593,464997,100,0.5,300,1025
la04,593,464997,100,0.8,300,1035
la04,593,464997,100,0.9,300,1045
la04,593,483850,100,0.5,300,185
la04,593,483850,100,0.8,300,195
la04,593,505485,200,0.8,300,1365
la04,593,598795,100,0.5,300,965
la04,593,598795,100,0.8,300,975
la04,593,598795,200,0.5,300,995
la04,593,598795,200,0.8,300,1005
la04,593,61306,200,0.5,300,815
la04,593,634044,200,0.8,300,1305
la04,593,634044,200,0.9,300,1315
la04,593,715603,100,0.5,300,1385
la04,593,715603,100,0.8,300,1395
la04,593,715603,200,0.5,300,1415
la04,593,729981,100,0.8,300,1155
la04,593,729981,200,0.5,300,1175
la04,593,741519,100,0.5,300,1085
la04,593,741519,100,0.8,300,1095
la04,593,741519,200,0.5,300,1115
la04,593,741519,200,0.8,300,1125
la04,593,757870,100,0.8,300,735
la04,593,757870,100,0.9,300,745
la04,593,757870,200,0.5,300,755
la04,593,77435,100,0.5,300,125
la04,593,77435,100,0.8,300,135
la04,593,77435,100,0.9,300,145
la04,593,85765,200,0.5,300,275
la04,593,85765,200,0.9,300,295
la04,593,873184,100,0.5,300,845
la04,593,873184,100,0.8,300,855
la04,593,873184,200,0.8,300,885
la04,593,944889,100,0.5,300,425
la04,593,944889,100,0.8,300,435
la04,593,944889,100,0.9,300,445
la04,593,946303,200,0.5,300,1715
la04,593,948152,100,0.5,300,605
la04,593,948152,100,0.8,300,615
la04,593,948152,200,0.5,300,635
la04,594,367530,100,0.9,300,1645
la04,594,61306,100,0.5,300,785
la04,594,61306,100,0.8,300,795
la04,594,85765,100,0.9,300,265
la04,594,85765,200,0.8,300,285
la04,594,944889,200,0.9,300,475
la04,595,223397,100,0.5,300,1445
la04,595,223397,100,0.8,300,1455
la04,595,273009,200,0.5,300,35
la04,595,279019,100,0.8,300,1755
la04,595,367530,200,0.5,300,1655
la04,595,454362,200,0.8,300,945
la04,595,464997,200,0.5,300,1055
la04,595,470922,200,0.5,300,335
la04,595,470922,200,0.8,300,345
la04,595,634044,100,0.9,300,1285
la04,595,715603,200,0.8,300,1425
la04,595,715603,200,0.9,300,1435
la04,595,729981,100,0.5,300,1145
la04,595,729981,200,0.8,300,1185
la04,595,873184,200,0.9,300,895
la04,595,946303,100,0.9,300,1705
la04,596,948152,200,0.8,300,645
la04,597,17047,100,0.5,300,1565
la04,597,223397,100,0.9,300,1465
la04,597,367530,200,0.8,300,1665
la04,597,505272,200,0.8,300,525
la04,598,422159,200,0.8,300,105
la04,598,470922,100,0.5,300,305
la04,598,470922,100,0.8,300,315
la04,598,757870,100,0.5,300,725
la04,598,944889,200,0.5,300,455
la04,598,946303,200,0.8,300,1725
