[
    {
        "name": "abz5",
        "n_jobs": 10,
        "n_machines": 10,
        "optimum": 1234,
        "instance_path": "instances/abz5",
        "ub": null,
        "lb": null
    },
    {
        "name": "abz6",
        "n_jobs": 10,
        "n_machines": 10,
        "optimum": 943,
        "instance_path": "instances/abz6",
        "ub": null,
        "lb": null
    },
    {
        "name": "abz7",
        "n_jobs": 20,
        "n_machines": 15,
        "optimum": 656,
        "instance_path": "instances/abz7",
        "ub": null,
        "lb": null
    },
    {
        "name": "abz8",
        "n_jobs": 20,
        "n_machines": 15,
        "optimum": null,
        "instance_path": "instances/abz8",
        "ub": 665,
        "lb": 645
    },
    {
        "name": "abz9",
        "n_jobs": 20,
        "n_machines": 15,
        "optimum": null,
        "instance_path": "instances/abz9",
        "ub": 679,
        "lb": 661
    },
    {
        "name": "ft06",
        "n_jobs": 6,
        "n_machines": 6,
        "optimum": 55,
        "instance_path": "instances/ft06",
        "ub": null,
        "lb": null
    },
    {
        "name": "ft10",
        "n_jobs": 10,
        "n_machines": 10,
        "optimum": 930,
        "instance_path": "instances/ft10",
        "ub": null,
        "lb": null
    },
    {
        "name": "ft20",
        "n_jobs": 20,
        "n_machines": 5,
        "optimum": 1165,
        "instance_path": "instances/ft20",
        "ub": null,
        "lb": null
    },
    {
        "name": "la01",
        "n_jobs": 10,
        "n_machines": 5,
        "optimum": 666,
        "instance_path": "instances/la01",
        "ub": null,
        "lb": null
    },
    {
        "name": "la02",
        "n_jobs": 10,
        "n_machines": 5,
        "optimum": 655,
        "instance_path": "instances/la02",
        "ub": null,
        "lb": null
    },
    {
        "name": "la03",
        "n_jobs": 10,
        "n_machines": 5,
        "optimum": 597,
        "instance_path": "instances/la03",
        "ub": null,
        "lb": null
    },
    {
        "name": "la04",
        "n_jobs": 10,
        "n_machines": 5,
        "optimum": 590,
        "instance_path": "instances/la04",
        "ub": null,
        "lb": null
    },
    {
        "name": "la05",
        "n_jobs": 10,
        "n_machines": 5,
        "optimum": 593,
        "instance_path": "instances/la05",
        "ub": null,
        "lb": null
    },
    {
        "name": "la06",
        "n_jobs": 15,
        "n_machines": 5,
        "optimum": 926,
        "instance_path": "instances/la06",
        "ub": null,
        "lb": null
    },
    {
        "name": "la07",
        "n_jobs": 15,
        "n_machines": 5,
        "optimum": 890,
        "instance_path": "instances/la07",
        "ub": null,
        "lb": null
    },
    {
        "name": "la08",
        "n_jobs": 15,
        "n_machines": 5,
        "optimum": 863,
        "instance_path": "instances/la08",
        "ub": null,
        "lb": null
    },
    {
        "name": "la09",
        "n_jobs": 15,
        "n_machines": 5,
        "optimum": 951,
        "instance_path": "instances/la09",
        "ub": null,
        "lb": null
    },
    {
        "name": "la10",
        "n_jobs": 15,
        "n_machines": 5,
        "optimum": 958,
        "instance_path": "instances/la10",
        "ub": null,
        "lb": null
    },
    {
        "name": "la11",
        "n_jobs": 20,
        "n_machines": 5,
        "optimum": 1222,
        "instance_path": "instances/la11",
        "ub": null,
        "lb": null
    },
    {
        "name": "la12",
        "n_jobs": 20,
        "n_machines": 5,
        "optimum": 1039,
        "instance_path": "instances/la12",
        "ub": null,
        "lb": null
    },
    {
        "name": "la13",
        "n_jobs": 20,
        "n_machines": 5,
        "optimum": 1150,
        "instance_path": "instances/la13",
        "ub": null,
        "lb": null
    },
    {
        "name": "la14",
        "n_jobs": 20,
        "n_machines": 5,
        "optimum": 1292,
        "instance_path": "instances/la14",
        "ub": null,
        "lb": null
    },
    {
        "name": "la15",
        "n_jobs": 20,
        "n_machines": 5,
        "optimum": 1207,
        "instance_path": "instances/la15",
        "ub": null,
        "lb": null
    },
    {
        "name": "la16",
        "n_jobs": 10,
        "n_machines": 10,
        "optimum": 945,
        "instance_path": "instances/la16",
        "ub": null,
        "lb": null
    },
    {
        "name": "la17",
        "n_jobs": 10,
        "n_machines": 10,
        "optimum": 784,
        "instance_path": "instances/la17",
        "ub": null,
        "lb": null
    },
    {
        "name": "la18",
        "n_jobs": 10,
        "n_machines": 10,
        "optimum": 848,
        "instance_path": "instances/la18",
        "ub": null,
        "lb": null
    },
    {
        "name": "la19",
        "n_jobs": 10,
        "n_machines": 10,
        "optimum": 842,
        "instance_path": "instances/la19",
        "ub": null,
        "lb": null
    },
    {
        "name": "la20",
        "n_jobs": 10,
        "n_machines": 10,
        "optimum": 902,
        "instance_path": "instances/la20",
        "ub": null,
        "lb": null
    },
    {
        "name": "la21",
        "n_jobs": 15,
        "n_machines": 10,
        "optimum": 1046,
        "instance_path": "instances/la21",
        "ub": null,
        "lb": null
    },
    {
        "name": "la22",
        "n_jobs": 15,
        "n_machines": 10,
        "optimum": 927,
        "instance_path": "instances/la22",
        "ub": null,
        "lb": null
    },
    {
        "name": "la23",
        "n_jobs": 15,
        "n_machines": 10,
        "optimum": 1032,
        "instance_path": "instances/la23",
        "ub": null,
        "lb": null
    },
    {
        "name": "la24",
        "n_jobs": 15,
        "n_machines": 10,
        "optimum": 935,
        "instance_path": "instances/la24",
        "ub": null,
        "lb": null
    },
    {
        "name": "la25",
        "n_jobs": 15,
        "n_machines": 10,
        "optimum": 977,
        "instance_path": "instances/la25",
        "ub": null,
        "lb": null
    },
    {
        "name": "la26",
        "n_jobs": 20,
        "n_machines": 10,
        "optimum": 1218,
        "instance_path": "instances/la26",
        "ub": null,
        "lb": null
    },
    {
        "name": "la27",
        "n_jobs": 20,
        "n_machines": 10,
        "optimum": 1235,
        "instance_path": "instances/la27",
        "ub": null,
        "lb": null
    },
    {
        "name": "la28",
        "n_jobs": 20,
        "n_machines": 10,
        "optimum": 1216,
        "instance_path": "instances/la28",
        "ub": null,
        "lb": null
    },
    {
        "name": "la29",
        "n_jobs": 20,
        "n_machines": 10,
        "optimum": 1152,
        "instance_path": "instances/la29",
        "ub": null,
        "lb": null
    },
    {
        "name": "la30",
        "n_jobs": 20,
        "n_machines": 10,
        "optimum": 1355,
        "instance_path": "instances/la30",
        "ub": null,
        "lb": null
    },
    {
        "name": "la31",
        "n_jobs": 30,
        "n_machines": 10,
        "optimum": 1784,
        "instance_path": "instances/la31",
        "ub": null,
        "lb": null
    },
    {
        "name": "la32",
        "n_jobs": 30,
        "n_machines": 10,
        "optimum": 1850,
        "instance_path": "instances/la32",
        "ub": null,
        "lb": null
    },
    {
        "name": "la33",
        "n_jobs": 30,
        "n_machines": 10,
        "optimum": 1719,
        "instance_path": "instances/la33",
        "ub": null,
        "lb": null
    },
    {
        "name": "la34",
        "n_jobs": 30,
        "n_machines": 10,
        "optimum": 1721,
        "instance_path": "instances/la34",
        "ub": null,
        "lb": null
    },
    {
        "name": "la35",
        "n_jobs": 30,
        "n_machines": 10,
        "optimum": 1888,
        "instance_path": "instances/la35",
        "ub": null,
        "lb": null
    },
    {
        "name": "la36",
        "n_jobs": 15,
        "n_machines": 15,
        "optimum": 1268,
        "instance_path": "instances/la36",
        "ub": null,
        "lb": null
    },
    {
        "name": "la37",
        "n_jobs": 15,
        "n_machines": 15,
        "optimum": 1397,
        "instance_path": "instances/la37",
        "ub": null,
        "lb": null
    },
    {
        "name": "la38",
        "n_jobs": 15,
        "n_machines": 15,
        "optimum": 1196,
        "instance_path": "instances/la38",
        "ub": null,
        "lb": null
    },
    {
        "name": "la39",
        "n_jobs": 15,
        "n_machines": 15,
        "optimum": 1233,
        "instance_path": "instances/la39",
        "ub": null,
        "lb": null
    },
    {
        "name": "la40",
        "n_jobs": 15,
        "n_machines": 15,
        "optimum": 1222,
        "instance_path": "instances/la40",
        "ub": null,
        "lb": null
    },
    {
        "name": "orb01",
        "n_jobs": 10,
        "n_machines": 10,
        "optimum": 1059,
        "instance_path": "instances/orb01",
        "ub": null,
        "lb": null
    },
    {
        "name": "orb02",
        "n_jobs": 10,
        "n_machines": 10,
        "optimum": 888,
        "instance_path": "instances/orb02",
        "ub": null,
        "lb": null
    },
    {
        "name": "orb03",
        "n_jobs": 10,
        "n_machines": 10,
        "optimum": 1005,
        "instance_path": "instances/orb03",
        "ub": null,
        "lb": null
    },
    {
        "name": "orb04",
        "n_jobs": 10,
        "n_machines": 10,
        "optimum": 1005,
        "instance_path": "instances/orb04",
        "ub": null,
        "lb": null
    },
    {
        "name": "orb05",
        "n_jobs": 10,
        "n_machines": 10,
        "optimum": 887,
        "instance_path": "instances/orb05",
        "ub": null,
        "lb": null
    },
    {
        "name": "orb06",
        "n_jobs": 10,
        "n_machines": 10,
        "optimum": 1010,
        "instance_path": "instances/orb06",
        "ub": null,
        "lb": null
    },
    {
        "name": "orb07",
        "n_jobs": 10,
        "n_machines": 10,
        "optimum": 397,
        "instance_path": "instances/orb07",
        "ub": null,
        "lb": null
    },
    {
        "name": "orb08",
        "n_jobs": 10,
        "n_machines": 10,
        "optimum": 899,
        "instance_path": "instances/orb08",
        "ub": null,
        "lb": null
    },
    {
        "name": "orb09",
        "n_jobs": 10,
        "n_machines": 10,
        "optimum": 934,
        "instance_path": "instances/orb09",
        "ub": null,
        "lb": null
    },
    {
        "name": "orb10",
        "n_jobs": 10,
        "n_machines": 10,
        "optimum": 944,
        "instance_path": "instances/orb10",
        "ub": null,
        "lb": null
    },
    {
        "name": "swv01",
        "n_jobs": 20,
        "n_machines": 10,
        "optimum": 1407,
        "instance_path": "instances/swv01",
        "ub": null,
        "lb": null
    },
    {
        "name": "swv02",
        "n_jobs": 20,
        "n_machines": 10,
        "optimum": 1475,
        "instance_path": "instances/swv02",
        "ub": null,
        "lb": null
    },
    {
        "name": "swv03",
        "n_jobs": 20,
        "n_machines": 10,
        "optimum": null,
        "instance_path": "instances/swv03",
        "ub": 1398,
        "lb": 1369
    },
    {
        "name": "swv04",
        "n_jobs": 20,
        "n_machines": 10,
        "optimum": null,
        "instance_path": "instances/swv04",
        "ub": 1474,
        "lb": 1450
    },
    {
        "name": "swv05",
        "n_jobs": 20,
        "n_machines": 10,
        "optimum": 1424,
        "instance_path": "instances/swv05",
        "ub": null,
        "lb": null
    },
    {
        "name": "swv06",
        "n_jobs": 20,
        "n_machines": 15,
        "optimum": null,
        "instance_path": "instances/swv06",
        "ub": 1678,
        "lb": 1591
    },
    {
        "name": "swv07",
        "n_jobs": 20,
        "n_machines": 15,
        "optimum": null,
        "instance_path": "instances/swv07",
        "ub": 1600,
        "lb": 1446
    },
    {
        "name": "swv08",
        "n_jobs": 20,
        "n_machines": 15,
        "optimum": null,
        "instance_path": "instances/swv08",
        "ub": 1763,
        "lb": 1640
    },
    {
        "name": "swv09",
        "n_jobs": 20,
        "n_machines": 15,
        "optimum": null,
        "instance_path": "instances/swv09",
        "ub": 1661,
        "lb": 1604
    },
    {
        "name": "swv10",
        "n_jobs": 20,
        "n_machines": 15,
        "optimum": null,
        "instance_path": "instances/swv10",
        "ub": 1767,
        "lb": 1631
    },
    {
        "name": "swv11",
        "n_jobs": 50,
        "n_machines": 10,
        "optimum": null,
        "instance_path": "instances/swv11",
        "ub": 2991,
        "lb": 2983
    },
    {
        "name": "swv12",
        "n_jobs": 50,
        "n_machines": 10,
        "optimum": null,
        "instance_path": "instances/swv12",
        "ub": 3003,
        "lb": 2972
    },
    {
        "name": "swv13",
        "n_jobs": 50,
        "n_machines": 10,
        "optimum": 3104,
        "instance_path": "instances/swv13",
        "ub": null,
        "lb": null
    },
    {
        "name": "swv14",
        "n_jobs": 50,
        "n_machines": 10,
        "optimum": 2968,
        "instance_path": "instances/swv14",
        "ub": null,
        "lb": null
    },
    {
        "name": "swv15",
        "n_jobs": 50,
        "n_machines": 10,
        "optimum": null,
        "instance_path": "instances/swv15",
        "ub": 2904,
        "lb": 2885
    },
    {
        "name": "swv16",
        "n_jobs": 50,
        "n_machines": 10,
        "optimum": 2924,
        "instance_path": "instances/swv16",
        "ub": null,
        "lb": null
    },
    {
        "name": "swv17",
        "n_jobs": 50,
        "n_machines": 10,
        "optimum": 2794,
        "instance_path": "instances/swv17",
        "ub": null,
        "lb": null
    },
    {
        "name": "swv18",
        "n_jobs": 50,
        "n_machines": 10,
        "optimum": 2852,
        "instance_path": "instances/swv18",
        "ub": null,
        "lb": null
    },
    {
        "name": "swv19",
        "n_jobs": 50,
        "n_machines": 10,
        "optimum": 2843,
        "instance_path": "instances/swv19",
        "ub": null,
        "lb": null
    },
    {
        "name": "swv20",
        "n_jobs": 50,
        "n_machines": 10,
        "optimum": 2823,
        "instance_path": "instances/swv20",
        "ub": null,
        "lb": null
    },
    {
        "name": "yn1",
        "n_jobs": 20,
        "n_machines": 20,
        "optimum": null,
        "instance_path": "instances/yn1",
        "ub": 885,
        "lb": 826
    },
    {
        "name": "yn2",
        "n_jobs": 20,
        "n_machines": 20,
        "optimum": null,
        "instance_path": "instances/yn2",
        "ub": 909,
        "lb": 861
    },
    {
        "name": "yn3",
        "n_jobs": 20,
        "n_machines": 20,
        "optimum": null,
        "instance_path": "instances/yn3",
        "ub": 892,
        "lb": 827
    },
    {
        "name": "yn4",
        "n_jobs": 20,
        "n_machines": 20,
        "optimum": null,
        "instance_path": "instances/yn4",
        "ub": 968,
        "lb": 918
    },
    {
        "name": "ta01",
        "n_jobs": 15,
        "n_machines": 15,
        "optimum": 1231,
        "instance_path": "instances/ta01",
        "ub": null,
        "lb": null
    },
    {
        "name": "ta02",
        "n_jobs": 15,
        "n_machines": 15,
        "optimum": 1244,
        "instance_path": "instances/ta02",
        "ub": null,
        "lb": null
    },
    {
        "name": "ta03",
        "n_jobs": 15,
        "n_machines": 15,
        "optimum": 1218,
        "instance_path": "instances/ta03",
        "ub": null,
        "lb": null
    },
    {
        "name": "ta04",
        "n_jobs": 15,
        "n_machines": 15,
        "optimum": 1175,
        "instance_path": "instances/ta04",
        "ub": null,
        "lb": null
    },
    {
        "name": "ta05",
        "n_jobs": 15,
        "n_machines": 15,
        "optimum": 1224,
        "instance_path": "instances/ta05",
        "ub": null,
        "lb": null
    },
    {
        "name": "ta06",
        "n_jobs": 15,
        "n_machines": 15,
        "optimum": 1238,
        "instance_path": "instances/ta06",
        "ub": null,
        "lb": null
    },
    {
        "name": "ta07",
        "n_jobs": 15,
        "n_machines": 15,
        "optimum": 1227,
        "instance_path": "instances/ta07",
        "ub": null,
        "lb": null
    },
    {
        "name": "ta08",
        "n_jobs": 15,
        "n_machines": 15,
        "optimum": 1217,
        "instance_path": "instances/ta08",
        "ub": null,
        "lb": null
    },
    {
        "name": "ta09",
        "n_jobs": 15,
        "n_machines": 15,
        "optimum": 1274,
        "instance_path": "instances/ta09",
        "ub": null,
        "lb": null
    },
    {
        "name": "ta10",
        "n_jobs": 15,
        "n_machines": 15,
        "optimum": 1241,
        "instance_path": "instances/ta10",
        "ub": null,
        "lb": null
    },
    {
        "name": "ta11",
        "n_jobs": 20,
        "n_machines": 15,
        "optimum": null,
        "instance_path": "instances/ta11",
        "ub": 1361,
        "lb": 1323
    },
    {
        "name": "ta12",
        "n_jobs": 20,
        "n_machines": 15,
        "optimum": null,
        "instance_path": "instances/ta12",
        "ub": 1367,
        "lb": 1351
    },
    {
        "name": "ta13",
        "n_jobs": 20,
        "n_machines": 15,
        "optimum": null,
        "instance_path": "instances/ta13",
        "ub": 1342,
        "lb": 1282
    },
    {
        "name": "ta14",
        "n_jobs": 20,
        "n_machines": 15,
        "optimum": 1345,
        "instance_path": "instances/ta14",
        "ub": null,
        "lb": null
    },
    {
        "name": "ta15",
        "n_jobs": 20,
        "n_machines": 15,
        "optimum": null,
        "instance_path": "instances/ta15",
        "ub": 1340,
        "lb": 1304
    },
    {
        "name": "ta16",
        "n_jobs": 20,
        "n_machines": 15,
        "optimum": null,
        "instance_path": "instances/ta16",
        "ub": 1360,
        "lb": 1302
    },
    {
        "name": "ta17",
        "n_jobs": 20,
        "n_machines": 15,
        "optimum": 1462,
        "instance_path": "instances/ta17",
        "ub": null,
        "lb": null
    },
    {
        "name": "ta18",
        "n_jobs": 20,
        "n_machines": 15,
        "optimum": null,
        "instance_path": "instances/ta18",
        "ub": 1396,
        "lb": 1369
    },
    {
        "name": "ta19",
        "n_jobs": 20,
        "n_machines": 15,
        "optimum": null,
        "instance_path": "instances/ta19",
        "ub": 1335,
        "lb": 1297
    },
    {
        "name": "ta20",
        "n_jobs": 20,
        "n_machines": 15,
        "optimum": null,
        "instance_path": "instances/ta20",
        "ub": 1351,
        "lb": 1318
    },
    {
        "name": "ta21",
        "n_jobs": 20,
        "n_machines": 20,
        "optimum": null,
        "instance_path": "instances/ta21",
        "ub": 1644,
        "lb": 1539
    },
    {
        "name": "ta22",
        "n_jobs": 20,
        "n_machines": 20,
        "optimum": null,
        "instance_path": "instances/ta22",
        "ub": 1600,
        "lb": 1511
    },
    {
        "name": "ta23",
        "n_jobs": 20,
        "n_machines": 20,
        "optimum": null,
        "instance_path": "instances/ta23",
        "ub": 1557,
        "lb": 1472
    },
    {
        "name": "ta24",
        "n_jobs": 20,
        "n_machines": 20,
        "optimum": null,
        "instance_path": "instances/ta24",
        "ub": 1647,
        "lb": 1602
    },
    {
        "name": "ta25",
        "n_jobs": 20,
        "n_machines": 20,
        "optimum": null,
        "instance_path": "instances/ta25",
        "ub": 1595,
        "lb": 1504
    },
    {
        "name": "ta26",
        "n_jobs": 20,
        "n_machines": 20,
        "optimum": null,
        "instance_path": "instances/ta26",
        "ub": 1645,
        "lb": 1539
    },
    {
        "name": "ta27",
        "n_jobs": 20,
        "n_machines": 20,
        "optimum": null,
        "instance_path": "instances/ta27",
        "ub": 1680,
        "lb": 1616
    },
    {
        "name": "ta28",
        "n_jobs": 20,
        "n_machines": 20,
        "optimum": null,
        "instance_path": "instances/ta28",
        "ub": 1614,
        "lb": 1591
    },
    {
        "name": "ta29",
        "n_jobs": 20,
        "n_machines": 20,
        "optimum": null,
        "instance_path": "instances/ta29",
        "ub": 1635,
        "lb": 1514
    },
    {
        "name": "ta30",
        "n_jobs": 20,
        "n_machines": 20,
        "optimum": null,
        "instance_path": "instances/ta30",
        "ub": 1584,
        "lb": 1473
    },
    {
        "name": "ta31",
        "n_jobs": 30,
        "n_machines": 15,
        "optimum": 1764,
        "instance_path": "instances/ta31",
        "ub": null,
        "lb": null
    },
    {
        "name": "ta32",
        "n_jobs": 30,
        "n_machines": 15,
        "optimum": null,
        "instance_path": "instances/ta32",
        "ub": 1796,
        "lb": 1774
    },
    {
        "name": "ta33",
        "n_jobs": 30,
        "n_machines": 15,
        "optimum": null,
        "instance_path": "instances/ta33",
        "ub": 1793,
        "lb": 1778
    },
    {
        "name": "ta34",
        "n_jobs": 30,
        "n_machines": 15,
        "optimum": null,
        "instance_path": "instances/ta34",
        "ub": 1829,
        "lb": 1828
    },
    {
        "name": "ta35",
        "n_jobs": 30,
        "n_machines": 15,
        "optimum": 2007,
        "instance_path": "instances/ta35",
        "ub": null,
        "lb": null
    },
    {
        "name": "ta36",
        "n_jobs": 30,
        "n_machines": 15,
        "optimum": 1819,
        "instance_path": "instances/ta36",
        "ub": null,
        "lb": null
    },
    {
        "name": "ta37",
        "n_jobs": 30,
        "n_machines": 15,
        "optimum": null,
        "instance_path": "instances/ta37",
        "ub": 1778,
        "lb": 1771
    },
    {
        "name": "ta38",
        "n_jobs": 30,
        "n_machines": 15,
        "optimum": 1673,
        "instance_path": "instances/ta38",
        "ub": null,
        "lb": null
    },
    {
        "name": "ta39",
        "n_jobs": 30,
        "n_machines": 15,
        "optimum": 1795,
        "instance_path": "instances/ta39",
        "ub": null,
        "lb": null
    },
    {
        "name": "ta40",
        "n_jobs": 30,
        "n_machines": 15,
        "optimum": null,
        "instance_path": "instances/ta40",
        "ub": 1674,
        "lb": 1631
    },
    {
        "name": "ta41",
        "n_jobs": 30,
        "n_machines": 20,
        "optimum": null,
        "instance_path": "instances/ta41",
        "ub": 2018,
        "lb": 1859
    },
    {
        "name": "ta42",
        "n_jobs": 30,
        "n_machines": 20,
        "optimum": null,
        "instance_path": "instances/ta42",
        "ub": 1956,
        "lb": 1867
    },
    {
        "name": "ta43",
        "n_jobs": 30,
        "n_machines": 20,
        "optimum": null,
        "instance_path": "instances/ta43",
        "ub": 1859,
        "lb": 1809
    },
    {
        "name": "ta44",
        "n_jobs": 30,
        "n_machines": 20,
        "optimum": null,
        "instance_path": "instances/ta44",
        "ub": 1984,
        "lb": 1927
    },
    {
        "name": "ta45",
        "n_jobs": 30,
        "n_machines": 20,
        "optimum": null,
        "instance_path": "instances/ta45",
        "ub": 2000,
        "lb": 1997
    },
    {
        "name": "ta46",
        "n_jobs": 30,
        "n_machines": 20,
        "optimum": null,
        "instance_path": "instances/ta46",
        "ub": 2021,
        "lb": 1940
    },
    {
        "name": "ta47",
        "n_jobs": 30,
        "n_machines": 20,
        "optimum": null,
        "instance_path": "instances/ta47",
        "ub": 1903,
        "lb": 1789
    },
    {
        "name": "ta48",
        "n_jobs": 30,
        "n_machines": 20,
        "optimum": null,
        "instance_path": "instances/ta48",
        "ub": 1952,
        "lb": 1912
    },
    {
        "name": "ta49",
        "n_jobs": 30,
        "n_machines": 20,
        "optimum": null,
        "instance_path": "instances/ta49",
        "ub": 1968,
        "lb": 1915
    },
    {
        "name": "ta50",
        "n_jobs": 30,
        "n_machines": 20,
        "optimum": null,
        "instance_path": "instances/ta50",
        "ub": 1926,
        "lb": 1807
    },
    {
        "name": "ta51",
        "n_jobs": 50,
        "n_machines": 15,
        "optimum": 2760,
        "instance_path": "instances/ta51",
        "ub": null,
        "lb": null
    },
    {
        "name": "ta52",
        "n_jobs": 50,
        "n_machines": 15,
        "optimum": 2756,
        "instance_path": "instances/ta52",
        "ub": null,
        "lb": null
    },
    {
        "name": "ta53",
        "n_jobs": 50,
        "n_machines": 15,
        "optimum": 2717,
        "instance_path": "instances/ta53",
        "ub": null,
        "lb": null
    },
    {
        "name": "ta54",
        "n_jobs": 50,
        "n_machines": 15,
        "optimum": 2839,
        "instance_path": "instances/ta54",
        "ub": null,
        "lb": null
    },
    {
        "name": "ta55",
        "n_jobs": 50,
        "n_machines": 15,
        "optimum": 2679,
        "instance_path": "instances/ta55",
        "ub": null,
        "lb": null
    },
    {
        "name": "ta56",
        "n_jobs": 50,
        "n_machines": 15,
        "optimum": 2781,
        "instance_path": "instances/ta56",
        "ub": null,
        "lb": null
    },
    {
        "name": "ta57",
        "n_jobs": 50,
        "n_machines": 15,
        "optimum": 2943,
        "instance_path": "instances/ta57",
        "ub": null,
        "lb": null
    },
    {
        "name": "ta58",
        "n_jobs": 50,
        "n_machines": 15,
        "optimum": 2885,
        "instance_path": "instances/ta58",
        "ub": null,
        "lb": null
    },
    {
        "name": "ta59",
        "n_jobs": 50,
        "n_machines": 15,
        "optimum": 2655,
        "instance_path": "instances/ta59",
        "ub": null,
        "lb": null
    },
    {
        "name": "ta60",
        "n_jobs": 50,
        "n_machines": 15,
        "optimum": 2723,
        "instance_path": "instances/ta60",
        "ub": null,
        "lb": null
    },
    {
        "name": "ta61",
        "n_jobs": 50,
        "n_machines": 20,
        "optimum": 2868,
        "instance_path": "instances/ta61",
        "ub": null,
        "lb": null
    },
    {
        "name": "ta62",
        "n_jobs": 50,
        "n_machines": 20,
        "optimum": 2869,
        "instance_path": "instances/ta62",
        "ub": null,
        "lb": null
    },
    {
        "name": "ta63",
        "n_jobs": 50,
        "n_machines": 20,
        "optimum": 2755,
        "instance_path": "instances/ta63",
        "ub": null,
        "lb": null
    },
    {
        "name": "ta64",
        "n_jobs": 50,
        "n_machines": 20,
        "optimum": 2702,
        "instance_path": "instances/ta64",
        "ub": null,
        "lb": null
    },
    {
        "name": "ta65",
        "n_jobs": 50,
        "n_machines": 20,
        "optimum": 2725,
        "instance_path": "instances/ta65",
        "ub": null,
        "lb": null
    },
    {
        "name": "ta66",
        "n_jobs": 50,
        "n_machines": 20,
        "optimum": 2845,
        "instance_path": "instances/ta66",
        "ub": null,
        "lb": null
    },
    {
        "name": "ta67",
        "n_jobs": 50,
        "n_machines": 20,
        "optimum": 2825,
        "instance_path": "instances/ta67",
        "ub": null,
        "lb": null
    },
    {
        "name": "ta68",
        "n_jobs": 50,
        "n_machines": 20,
        "optimum": 2784,
        "instance_path": "instances/ta68",
        "ub": null,
        "lb": null
    },
    {
        "name": "ta69",
        "n_jobs": 50,
        "n_machines": 20,
        "optimum": 3071,
        "instance_path": "instances/ta69",
        "ub": null,
        "lb": null
    },
    {
        "name": "ta70",
        "n_jobs": 50,
        "n_machines": 20,
        "optimum": 2995,
        "instance_path": "instances/ta70",
        "ub": null,
        "lb": null
    },
    {
        "name": "ta71",
        "n_jobs": 100,
        "n_machines": 20,
        "optimum": null,
        "instance_path": "instances/ta71",
        "ub": null,
        "lb": null
    },
    {
        "name": "ta72",
        "n_jobs": 100,
        "n_machines": 20,
        "optimum": null,
        "instance_path": "instances/ta72",
        "ub": null,
        "lb": null
    },
    {
        "name": "ta73",
        "n_jobs": 100,
        "n_machines": 20,
        "optimum": null,
        "instance_path": "instances/ta73",
        "ub": null,
        "lb": null
    },
    {
        "name": "ta74",
        "n_jobs": 100,
        "n_machines": 20,
        "optimum": null,
        "instance_path": "instances/ta74",
        "ub": null,
        "lb": null
    },
    {
        "name": "ta75",
        "n_jobs": 100,
        "n_machines": 20,
        "optimum": null,
        "instance_path": "instances/ta75",
        "ub": null,
        "lb": null
    },
    {
        "name": "ta76",
        "n_jobs": 100,
        "n_machines": 20,
        "optimum": null,
        "instance_path": "instances/ta76",
        "ub": null,
        "lb": null
    },
    {
        "name": "ta77",
        "n_jobs": 100,
        "n_machines": 20,
        "optimum": null,
        "instance_path": "instances/ta77",
        "ub": null,
        "lb": null
    },
    {
        "name": "ta78",
        "n_jobs": 100,
        "n_machines": 20,
        "optimum": null,
        "instance_path": "instances/ta78",
        "ub": null,
        "lb": null
    },
    {
        "name": "ta79",
        "n_jobs": 100,
        "n_machines": 20,
        "optimum": null,
        "instance_path": "instances/ta79",
        "ub": null,
        "lb": null
    },
    {
        "name": "ta80",
        "n_jobs": 100,
        "n_machines": 20,
        "optimum": null,
        "instance_path": "instances/ta80",
        "ub": null,
        "lb": null
    }
]